#Rukovoditel 3.4.2;

DROP TABLE IF EXISTS app_access_groups;
DROP TABLE IF EXISTS app_access_rules;
DROP TABLE IF EXISTS app_access_rules_fields;
DROP TABLE IF EXISTS app_approved_items;
DROP TABLE IF EXISTS app_attachments;
DROP TABLE IF EXISTS app_comments;
DROP TABLE IF EXISTS app_comments_access;
DROP TABLE IF EXISTS app_comments_forms_tabs;
DROP TABLE IF EXISTS app_comments_history;
DROP TABLE IF EXISTS app_configuration;
DROP TABLE IF EXISTS app_custom_php;
DROP TABLE IF EXISTS app_dashboard_pages;
DROP TABLE IF EXISTS app_dashboard_pages_sections;
DROP TABLE IF EXISTS app_emails_on_schedule;
DROP TABLE IF EXISTS app_entities;
DROP TABLE IF EXISTS app_entities_access;
DROP TABLE IF EXISTS app_entities_configuration;
DROP TABLE IF EXISTS app_entities_groups;
DROP TABLE IF EXISTS app_entities_menu;
DROP TABLE IF EXISTS app_entity_1;
DROP TABLE IF EXISTS app_entity_1_values;
DROP TABLE IF EXISTS app_entity_25;
DROP TABLE IF EXISTS app_entity_25_values;
DROP TABLE IF EXISTS app_entity_26;
DROP TABLE IF EXISTS app_entity_26_values;
DROP TABLE IF EXISTS app_entity_27;
DROP TABLE IF EXISTS app_entity_27_values;
DROP TABLE IF EXISTS app_entity_28;
DROP TABLE IF EXISTS app_entity_28_values;
DROP TABLE IF EXISTS app_entity_29;
DROP TABLE IF EXISTS app_entity_29_values;
DROP TABLE IF EXISTS app_entity_30;
DROP TABLE IF EXISTS app_entity_30_values;
DROP TABLE IF EXISTS app_entity_31;
DROP TABLE IF EXISTS app_entity_31_values;
DROP TABLE IF EXISTS app_entity_32;
DROP TABLE IF EXISTS app_entity_32_values;
DROP TABLE IF EXISTS app_entity_33;
DROP TABLE IF EXISTS app_entity_33_values;
DROP TABLE IF EXISTS app_entity_34;
DROP TABLE IF EXISTS app_entity_34_values;
DROP TABLE IF EXISTS app_entity_35;
DROP TABLE IF EXISTS app_entity_35_values;
DROP TABLE IF EXISTS app_entity_36;
DROP TABLE IF EXISTS app_entity_36_values;
DROP TABLE IF EXISTS app_entity_38;
DROP TABLE IF EXISTS app_entity_38_values;
DROP TABLE IF EXISTS app_entity_39;
DROP TABLE IF EXISTS app_entity_39_values;
DROP TABLE IF EXISTS app_entity_40;
DROP TABLE IF EXISTS app_entity_40_values;
DROP TABLE IF EXISTS app_entity_41;
DROP TABLE IF EXISTS app_entity_41_values;
DROP TABLE IF EXISTS app_entity_42;
DROP TABLE IF EXISTS app_entity_42_values;
DROP TABLE IF EXISTS app_entity_43;
DROP TABLE IF EXISTS app_entity_43_values;
DROP TABLE IF EXISTS app_entity_44;
DROP TABLE IF EXISTS app_entity_44_values;
DROP TABLE IF EXISTS app_entity_45;
DROP TABLE IF EXISTS app_entity_45_values;
DROP TABLE IF EXISTS app_favorites;
DROP TABLE IF EXISTS app_fields;
DROP TABLE IF EXISTS app_fields_access;
DROP TABLE IF EXISTS app_fields_choices;
DROP TABLE IF EXISTS app_filters_panels;
DROP TABLE IF EXISTS app_filters_panels_fields;
DROP TABLE IF EXISTS app_forms_fields_rules;
DROP TABLE IF EXISTS app_forms_rows;
DROP TABLE IF EXISTS app_forms_tabs;
DROP TABLE IF EXISTS app_global_lists;
DROP TABLE IF EXISTS app_global_lists_choices;
DROP TABLE IF EXISTS app_global_vars;
DROP TABLE IF EXISTS app_help_pages;
DROP TABLE IF EXISTS app_holidays;
DROP TABLE IF EXISTS app_image_map_labels;
DROP TABLE IF EXISTS app_image_map_markers;
DROP TABLE IF EXISTS app_image_map_markers_nested;
DROP TABLE IF EXISTS app_items_export_templates;
DROP TABLE IF EXISTS app_listing_highlight_rules;
DROP TABLE IF EXISTS app_listing_sections;
DROP TABLE IF EXISTS app_listing_types;
DROP TABLE IF EXISTS app_logs;
DROP TABLE IF EXISTS app_mind_map;
DROP TABLE IF EXISTS app_nested_entities_menu;
DROP TABLE IF EXISTS app_portlets;
DROP TABLE IF EXISTS app_records_visibility_rules;
DROP TABLE IF EXISTS app_reports;
DROP TABLE IF EXISTS app_reports_filters;
DROP TABLE IF EXISTS app_reports_filters_templates;
DROP TABLE IF EXISTS app_reports_groups;
DROP TABLE IF EXISTS app_reports_sections;
DROP TABLE IF EXISTS app_sessions;
DROP TABLE IF EXISTS app_user_filters_values;
DROP TABLE IF EXISTS app_user_roles;
DROP TABLE IF EXISTS app_user_roles_access;
DROP TABLE IF EXISTS app_user_roles_to_items;
DROP TABLE IF EXISTS app_users_alerts;
DROP TABLE IF EXISTS app_users_alerts_viewed;
DROP TABLE IF EXISTS app_users_configuration;
DROP TABLE IF EXISTS app_users_filters;
DROP TABLE IF EXISTS app_users_login_log;
DROP TABLE IF EXISTS app_users_notifications;
DROP TABLE IF EXISTS app_users_search_settings;


CREATE TABLE IF NOT EXISTS `app_access_groups` (
  `id` int(11) NOT NULL AUTO_INCREMENT,
  `name` varchar(64) NOT NULL,
  `is_default` tinyint(1) DEFAULT NULL,
  `is_ldap_default` tinyint(1) DEFAULT NULL,
  `ldap_filter` text NOT NULL,
  `sort_order` int(11) NOT NULL,
  `notes` text NOT NULL,
  PRIMARY KEY (`id`)
) ENGINE=InnoDB AUTO_INCREMENT=13 DEFAULT CHARSET=utf8mb4 COLLATE=utf8mb4_general_ci;

INSERT INTO app_access_groups VALUES
('4','Manager','0','0','','2',''),
('5','Developer','0','0','','1',''),
('6','Client','1','0','','0',''),
('12','Head of Department','0','0','','0','Kepala dari Manager');

CREATE TABLE IF NOT EXISTS `app_access_rules` (
  `id` int(10) unsigned NOT NULL AUTO_INCREMENT,
  `entities_id` int(10) unsigned NOT NULL,
  `fields_id` int(10) unsigned NOT NULL,
  `choices` text NOT NULL,
  `users_groups` text NOT NULL,
  `access_schema` text NOT NULL,
  `fields_view_only_access` text NOT NULL,
  `comments_access_schema` varchar(64) NOT NULL,
  PRIMARY KEY (`id`),
  KEY `idx_entities_id` (`entities_id`),
  KEY `idx_fields_id` (`fields_id`)
) ENGINE=InnoDB DEFAULT CHARSET=utf8mb4 COLLATE=utf8mb4_general_ci;

CREATE TABLE IF NOT EXISTS `app_access_rules_fields` (
  `id` int(10) unsigned NOT NULL AUTO_INCREMENT,
  `entities_id` int(10) unsigned NOT NULL,
  `fields_id` int(10) unsigned NOT NULL,
  PRIMARY KEY (`id`),
  KEY `idx_entities_id` (`entities_id`),
  KEY `idx_fields_id` (`fields_id`)
) ENGINE=InnoDB DEFAULT CHARSET=utf8mb4 COLLATE=utf8mb4_general_ci;

CREATE TABLE IF NOT EXISTS `app_approved_items` (
  `id` int(11) NOT NULL AUTO_INCREMENT,
  `entities_id` int(11) NOT NULL,
  `items_id` int(11) NOT NULL,
  `fields_id` int(11) NOT NULL,
  `users_id` int(11) NOT NULL,
  `signature` text NOT NULL,
  `date_added` bigint(20) unsigned NOT NULL,
  PRIMARY KEY (`id`),
  KEY `idx_entities_id` (`entities_id`),
  KEY `idx_items_id` (`items_id`),
  KEY `idx_fields_id` (`fields_id`),
  KEY `idx_users_id` (`users_id`)
) ENGINE=InnoDB AUTO_INCREMENT=11 DEFAULT CHARSET=utf8mb4 COLLATE=utf8mb4_general_ci;

INSERT INTO app_approved_items VALUES
('9','45','1','496','7','data:image/png;base64,iVBORw0KGgoAAAANSUhEUgAAAhYAAAEVCAYAAAC8O6zgAAAAAXNSR0IArs4c6QAAIABJREFUeF7tnQnYVdP+x1ejDJVCoZQSUZQGUUJRSMKtRNyMpUEpXQ0imYpooJTKkChjUkJkKNIoUxHdisJ1U0lCpdz6P9/lv4/z5q13OPvss9Y5n9/zeJBz1v7tz1rO/u61fkOBXbt27TIYBCAAAQhAAAIQCIFAAYRFCBQZAgIQgAAEIAABSwBhwUKAAAQgAAEIQCA0AgiL0FAyEAQgAAEIQAACCAvWAAQgAAEIQAACoRFAWISGkoEgAAEIQAACEEBYsAYgAAEIQAACEAiNAMIiNJQMBAEIQAACEIAAwoI1AAEIQAACEIBAaAQQFqGhZCAIQAACEIAABBAWrAEIQAACEIAABEIjgLAIDSUDQQACEIAABCCAsGANQAACEIAABCAQGgGERWgoGQgCEIAABCAAAYQFawACEIAABCAAgdAIICxCQ8lAEIAABCAAAQggLFgDEIAABCAAAQiERgBhERpKBoIABCAAAQhAAGHBGoAABCAAAQhAIDQCCIvQUDIQBCAAAQhAAAIIC9YABCAAAQhAAAKhEUBYhIaSgSAAAQhAAAIQQFiwBiAAAQhAAAIQCI0AwiI0lAwEAQhAAAIQgADCgjUAAQhAAAIQgEBoBBAWoaFkIAhAAAIQgAAEEBasAQhAAAIQgAAEQiOAsAgNJQNBAAIQgAAEIICwYA1AAAIQgAAEIBAaAYRFaCgZCAIQgAAEIAABhAVrAAIQgAAEIACB0AggLEJDyUAQgAAEIAABCCAsWAMQgAAEIAABCIRGAGERGkoGggAEIAABCEAAYcEagAAEIAABCEAgNAIIi9BQMhAEIAABCEAAAggL1gAEIAABCEAAAqERQFiEhpKBIAABCEAAAhBAWLAGIAABCEAAAhAIjQDCIjSUDAQBCEAAAhCAAMKCNQABCEAAAhCAQGgEEBahoWQgCEAAAhCAAAQQFqwBCEAAAhCAAARCI4CwCA0lA0EAAhCAAAQggLBgDUAAAhCAAAQgEBoBhEVoKBkIAhCAAAQgAAGEBWsAAhCAAAQgAIHQCCAsQkPJQBCAAAQgAAEIICxYAxCAAAQgAAEIhEYAYREaSgaCAAQgAAEIQABhwRqAAAQgAAEIQCA0AgiL0FAyEAQgAAEIQAACCAvWAAQgAAEIQAACoRFAWISGkoEgAAEIQAACEEBYsAYgAAEIQAACEAiNAMIiNJQMBAEIQAACEIAAwoI1AAEIQAACEIBAaAQQFqGhZCAIQAACEIAABBAWrAEIQAACEIAABEIjgLAIDSUDQQACEIAABCCAsGANQAACEIAABCAQGgGERWgoGch1Ah988IGZNm2aKVq0qClQoIApUaKE2XfffU2hQoXMgQceaP9eqlQps2vXLrN582Zz8sknm7Jly7p+W/gHAQhAwCkCCAunpgNnwiDw3XffmX//+9/mjTfesH8tXbrU7Ny5M99DH3/88aZ79+7mkksuMcWLF8/3OHwRAhCAQCYQQFhkwiyn2T1u3LjRvP/++2b58uVm69atZsGCBWbTpk1my5Yt5uuvvza///67/Wt3kyioXbt27I/XrFljVq9enWs6lStXNmPHjjVNmjTJ9Xf4IAQgAIFMI4CwyLQZ9+x+f/nlF3P33Xeb2bNnm5UrVxqJir2ZjjPKlCljLr74YlO6dGl7nHH44YebGjVq5HjnEhra7dixY0fss1999ZUZOnSoWbZsmf0zHZ1ozAceeMDUrFkzxzH5AAQgAIFMI4CwyLQZ9+B+V6xYYZ599lkzYsQIs2HDhr95vM8++5h69eqZo446ylSsWNE+4BUbIfEgMRG2/e9//zN9+/Y1Q4YMiQ195JFHGvlZuHDhsC/HeBCAAAS8JoCw8Hr60sf56dOnm+HDh5tZs2Zluan999/f1K9f3/51yimnWPFQvnz5yG9cMRpTpkwxbdu2NX/88Ye9fs+ePe1uBgYBCEAAAn8RQFiwGlJG4LXXXjMvv/yyjVuIN8UytG7d2rRp08bUqVMnZf5ld+H58+eb888/P3YkM2fOHNOwYUOnfMQZCEAAAqkkgLBIJf0MvPbrr79uxo0bZzM1FDMRmI412rVrZ1q2bGlOOOEEp8nceOONNsZCVqlSJfPpp5+SLeL0jOEcBCAQJQGERZS0M/RaEhHdunWzD2BlbwRWq1Yt06xZM9OhQwejmAVfTPfQtGlTs3jxYuty586dzejRo31xHz8hAAEIJJUAwiKpeDN38O3bt5uJEyeaBx980CxZssSCKFKkiI2TOPPMM23WRvXq1b0FtGjRItOoUSOb7qpMlC+++MIcffTR3t4PjkMAAhAIiwDCIiySjGMJfPTRR0aBmHqDX7dunf0zpWj27t3b9OrVyygYM11s2LBh9p4U2Hn99debhx56KF1ujfuAAAQgkG8CCIt8o+OL8QRU50G7E4qfkOktXkGNCsJU7ETJkiXTDpjKfp900km2ymeVKlVs+ikGAQhAINMJICwyfQUkeP8LFy40gwYNstkdsoIFC5rLLrvM3HrrraZq1aoJju7+16+++mrzxBNPWEe/+eYbc8QRR7jvNB5CAAIQSCIBhEUS4abz0KpQKfEwYcIEe5sHHHCA7aehvw455JB0vvUs96bjDwWmyiZPnmxatWqVMffOjUIAAhDIjgDCgnWRJwLq/KmH6R133GF+/PFH2xVUVSklKIoVK5ansdLhw+qYqiqgMjG57bbb0uG2uAcIQAAC+SaAsMg3usz7omIIFC+h4w/ZNddcY26//faM3v5X47MgIFVHQJMmTcq8hcEdQwACEIgjgLBgOeSKgCpMXnXVVUZNuU488URbfvuMM84wBQoUyNX30/lD2qlRN9WyZcuatWvXpvOtcm8QgAAEciSAsMgRUWZ/QA247r33XhtPITvnnHPMtGnTjBqBYX8SUNlxpdlq50LdWBFbrAzXCejYbsCAAa67iX+eEkBYeDpxUbj922+/2V0KBSUq20PZD9ruVyop9hcBHQfph1q2YMEC21Ydg4CrBBRcra7BKqMfX1bfVX/xyz8CCAv/5iwSj9955x0bT/H999/bLA81DKtbt24k1/btIm+//bZp0qSJdfu+++6zRbMwCLhIIH6tyj/1vZEwLlGihIvu4pOnBBAWnk5cMt2+6aabbOVMlas+7bTTzIwZM9KqYmbY7NRGfb/99jM7duwwzZs3N6+88krYl2A8CCRMYOPGjbagm+Kk4k2NAXXEiUEgLAIIi7BIpsE4SiXt37+/GThwoD3uGDJkiOnSpYspWrRoGtxdcm+hfv369hikVKlSNg2XOIvk8mb0vBPQDqT698hUKTY4BlHfnueffz7vA/INCOyBAMKCpWEJqCx127ZtbRCialO8+OKLtlkYljsC/fr1M/fcc4/98Mcff2wzZzAIuEJg+fLl5thjj7XudOrUyRx00EH2BSIwvVRgEAiLAMIiLJIej/P+++/bnh4//PCDDTxUv48aNWp4fEfRuz5z5szYdvLQoUNNz549o3eCK0JgDwS0E3n33Xeb2rVrm/nz55tHH33UNs4LDDHM0gmTAMIiTJoejqVU0jvvvNPGU7Rv396MHDkyIytoJjp127Zts2XNlZ7L1nKiNPl+2AQqVKhgVIZ/zJgx5rrrrrPiokGDBvYyEhvz5s0jhTxs6Bk8HsIigye/Q4cO9s1FMRR6myGbIbHFoB9ovfkdfPDBZv369YkNxrchEBKBDz/8MJbRJQGheCCZgrJ1RNKoUSOO7kJizTB/EkBYZOBKUBGnSy+91KaQli5d2syaNYujjxDWgVL3HnjgATuSfrCPOeaYEEZlCAgkRuAf//iHmTp1qqlZs6b55JNPEhuMb0MgFwQQFrmAlE4f0Zt006ZNzaeffmqOO+4488ILL5jq1aun0y2m7F6mTJkS626qLeeOHTumzBcuDAERUKbSqaeeanbu3GmuuOKKWDdi6EAgmQQQFsmk69jY6mdRq1Yt88UXX9g+Hy+99JJNj8TCIfDTTz/ZYxD9iF9++eWx1L5wRs+8UbRetVYlgCkhn7/5D9Kg1cdm6dKlttgdBoFkE0BYJJuwI+Pr+ENboqq816ZNG1uee99993XEu/RxQ7s/y5YtM5UqVfpbIaL0ucto7qRatWpWWCgN+umnn47moml0lUceecQGahYvXtzuTFIEK40m1/FbQVg4PkFhuacfGP3QnHDCCea5556zb4FY+AQ6d+5sI+9l//3vf82hhx4a/kUyYMSHHnrIdOvWzd6p3roVdIjlnoBK8atuhV4ojj/+eLNkyRKKtuUeH59MkADCIkGAPnx91KhRpmvXrratN9uhyZ2xSZMmmX/+85/2Ii+//LJp0aJFci+YZqOr8Z3Sn1ULRKm7MmUtKMAYyz2BCy64wEyfPt1UrlzZvPvuu6Z8+fK5/zKfhECCBBAWCQJ0/etz5swx5513nilcuLDNAglSzVz321f/Vq1aZcsly2677bZY11Nf7ydqv+PLTiuuQnEWjRs3NmqKh+WOwOzZsy0zmUSaimNhEIiSAMIiStoRX2vdunU2P33t2rX2GOTaa6+N2IPMvJwCONUvRG+N06ZNy0wI+bhr7UqojLwERd++fW0RJ1U0VVfdDz74IB8jZt5X1BBPcT4q0a+Cd2PHjjUFCxbMPBDccUoJICxSij95F1ft/4YNG9qzafUGePjhh5N3MUbOQiDYhj7ssMNs23ksZwKqXKr4HzXGUs8VCQs9GB977DG7jf/tt9/mPAifMHfddZfdKdPaU6l+HYVgEIiaAMIiauIRXa93797m/vvvt297c+fOpUNpRNx1mTvuuMPcfvvt9orauVARMmzvBB588EHTo0cPG2ioGit6y5bAUHM3mcpRlytXDox7IfDll1/aHUodH2mnQgHbGARSQQBhkQrqSb6mWiNfc801toOhSkyTmZBk4LsN/+qrr5rzzz/f/ul7771nTjvttGgd8Oxq27dvN6eccopdqxMmTLCFnGR64w7YKZNJadLYngmogeCiRYtsHNWbb75p9t9/f3BBICUEEBYpwZ68i+osWkcgKtL07LPPxipBJu+KjLw7AcW2KANHNnr0aKMUVGzPBCSEFbRZp04dKyaKFStmP6wMETV2k6lc+rBhw8C4BwL33Xef6dOnjy14p2qblJNnqaSSAMIilfRDvrZEhVLztmzZQqpjyGzzOpzOuBU0271791j/kLyOkSmfVyEsbeO/8sorNoMp3goVKmRFcsuWLc2LL76YKUjydJ+rV6+2QmLHjh32GE4xFhgEUkkAYZFK+iFeW7nq2n7X2bQCNS+77LIQR2eovBJo3ry5Te9t1qyZ/TuWPQF11FWdFZWaV1XYYLci+HQgLM466yzz1ltvgXE3Aqr1oZ0exaUo+PWjjz6yqeUYBFJJAGGRSvohXVu1E9T7Q4GC6v9x7rnnhjQyw+SXgLIaBg8ebN8k1enUd1PrbT3AwjQJ4C5dutghx48fb6666qosw+sNvGjRovbPtJOh2BUsKwHtiI0YMcKm6EpcVK1aFUQQSDkBhEXKpyAxBxT4dtJJJ9mKmvpxvvLKKxMbkG+HQkDBhmpNrzduzZHrtQSUFiuBqnX0zTffWIGqWgiyI4880mi7XZkuAwYMCIXPk08+aeuqqO5C69atbS+L3U1CWTVBZArcFFPsLwIbN240RxxxhD36lJBVFg0GARcIICxcmIUEfLj11lvNwIED7Tm+3l4wNwh89tlndmtatmbNGlOhQgU3HDPG7qCoYJoe3AsXLrSNviR8FMuQnR1++OGxehyqi/DGG2/Eqovm56b0hh2s1aOPPtp88sknZr/99vvbUPpzHZHIOnToYMaNG5efy6Xtd66//nobHKy+P4qvIgskbafauxtDWHg3ZX85rKJBemDddNNNtmYF5g4B1RLQD73OwFVWXZk6qTLtCkgM6I3/qaeeyuKGOtzWq1fPlCxZ0j7E9aBXvQg9rILMFn3h4osvNpMnT7bf1Z9rhyM/uzBTp061XXZlauGtMU8//fRs0Sg2RbEqMjUkkyDB/iQQCFfFpGj3R/ODQcAVAggLV2YiH37oLU51EpSipx9pzC0CelDrrVs//EqnjNpUIlslsZWKqN0IPYQUBKmaERI6qhGho5rc2Pr1602ZMmViH/35559NiRIlcvPV2GckbpTdoa17CRqJYb1178lU0yKIu9A9KNATM1asqgW6gl1btWpl08oJ2GRluEQAYeHSbOTBlw0bNhhtUQ8fPnyvP855GJKPhkxAD0U9HFVmWUdWUZhSXAcNGmS0M6AdreLFi9ueJSo6pT4ciTyAtN7UCl6m4xO15c6tqVS3AjBXrFhhv6IOsLvvnuw+1i233GLvRZZdcGdur51un1PareJSVADv9ddft9V1MQi4RABh4dJs5MGXkSNH2jc+NWqi1HEewEX4UWWFKKiuY8eOZsyYMUm7slIMZ8yYYcXE4sWLbYaAAkfbtm1rGjRoYMVFGKYjCx3ryJ5++mk7fm5Mux1Nmza1WQsyjaO37ZxEju4hCNhUd9OgY2durpmun/npp59sMO3mzZvNzTffHBNe6Xq/3JefBBAWfs6b3c6uWLEikfIOz18QI3DhhRfah35YtmnTJqO3eRWVim8nrlLOOh7T22xYYiLe5549e9odMtkNN9xg1N8jJ1OsiWIqJHxklSpVst9r0aJFTl+1MR86SpLldYckx8E9/YDqogS7FGowWKRIEU/vBLfTmQDCwsPZVUMmvbVMnz7dFmDC3CSgeVI6oAIhly1blm8nf/31V/uAffTRR20vCAVOKsZBRxOXXHKJfQBrHQSpmfm+UA5ffPzxx22KqEwpzvIlJ1PQ5UMPPWQ/pp0UZTGoj01OpjgCiaOtW7eaAgUK2PLeisvIZBNH8ZQpLVgN2zAIuEgAYeHirOTgk7bV1TtBW8xBLwUPbyMjXFa2heboP//5T57vV/OsXQ8VpwraryvgUjsAOk4Iu2BVTg6qY2anTp3sxxRfoV2EvZkqanbt2jX2EWV4KNAwN2tWwunAAw+MfVeZLbkNNM3pPnz87xIS2qVU4Oszzzxjj7owCLhKAGHh6szsxS/VR9Bb8PPPP++h95nlctBxUscXEhk5mQLzFD+jEu2BSUQoTkOZAArYS5VJJEgsyE499VSbjbQnU9yH/NZOg0wprSrJndsjmh9++CHWlVfcxC9TTXEVNWvWtMG4SitV3Il2cTAIuEoAYeHqzOzBL6WXKohNgXBshbo/eXrD15u+siGqVKmSrcOaS31GJa4DO/HEE+3bvsRE+fLlnbjRoLGanGnfvr0tspWd/fLLLzaWQgW4ZCp+pYdh0Eo+NzezZMkS+zCV6brBjk1uvptun1HcjI7B1KxNO1iKrcIg4DIBhIXLs5ONbwqg09vg7NmzPfM8M90NUia1u7R7ESNVS1Q3yqAHhuIxVOdBBc9cERPBrGkrvkaNGrFJvPPOO03//v2znVTVyogPKlXardJF82KKSalevbr9iop2BeXF8zJGOnxWKblKFZY4k6hQTyAMAq4TQFi4PkNx/ql2hd56FQBH91I/Jk6twJUBoeONIN5gwYIFtueGilcFD87evXvbOc2utLULdxrcR+CLjmwkgnY31eyIb9utnYvPP/88z4GX8TsWiQa/usAvPz6oZ4vEnHaA1KdlT0IuP2PzHQgkkwDCIpl0Qx577ty5th6Afqj1g425T+Crr74yRx11lO2N0a9fP3P55ZfH2n8rs0IPDBWOct2CpmqBn9pt2b0wk2qqKK5CgZYyBWkqJTLomZKXe4zfsdBaF8dMM8WliLOYaoeSuIpMWwH+3i/CwqO504+L4isUEOfqm61HOCNxVWmTKgSlow2ln8oU3a8dC5/a22uXLL78thqZqSV8YKrIKaERxEIoNVQBp0Hdi7zC1jhB4Tel0SoDKpPsX//6lxk2bJgtm64XCdeOxjJpLrjXvBNAWOSdWcq+oZ4TCprbtm1bvhpApczxDL6wYii0KyFTDIV6XviYKnjvvffaSo+BKX1WdTQCUyqpYgACa9SokdFxSenSpfM1+0qrjO/WmUnppmowpuBdiVKlHEugYRDwiQDCwqPZGjp0qH2LyU9NBI9uMy1cVUyCYirUMl3VEfWQULGnokWLenl/EhUSF4EFjcT07zriueeee2L/TW/Zun/V3EjE9JYerPVVq1YZtWxPd9NOjY5AdN9nn3227UqLQcA3AggLj2asS5cuRoF/ygrB3CSgOAM9hFWHQu3FtVuh+VJqps9lqbVT9thjj1nohx56aKwZmTqoqrlZYCpqpUBVNRlL1PRgffPNN+0wmdArROJTokLrRankKozmqxBNdO75vt8EEBYezZ/KN6v3Qph9Jzy6faddVXOugQMH2jdMxRf06NHDCgwVhNJOk1JI9d/0sPTR4o86dMwhQaGsBcVVxMc/KANm2rRpoQQaimHQjyTdu5vu2rXLVlQVO+34qJmc0mwxCPhIAGHh0awpOlwBcyqWg7lBQF0+R4wYYRYuXGgFhc7D+/TpE6saKS+DjAq98eemT4Ybd5bVC71BK4hQploqElF6u1Z9i8D0YNTOTFjVQSdOnGjatWtnh1fbeaWypquJp+5RNnnyZNOqVat0vVXuKwMIICw8mmRtQes4JL5OgEfup5Wr6jCph+iUKVPsfWle9ODLLlhRuxkShXsrKuU6nDJlysR2JhRErG6l6lkRmO5bWUv5SS3d073rKCBIaVXzs3QV1BISQfE0xatIZGAQ8JkAwsKT2dMRSKlSpWynSF/fej1BvVc3lT6pbXm9qatOg3YolBqostN7sqBqpWpZPPDAA95hUBaS0pu1XS8TAzXBC0xdS7Vzk13BrERuVj0yAqGm3ZBAxCUypmvfVb8Vxajs2LHDVtXUcZl4YhDwmQDCwpPZU0njqlWren1O7wnqbN38+uuvbeXDSZMm2R/+Xr16WYGXm0JlQZGs/JS2doGZjkCCvjQFCxa0Z/+qYyHTv1933XVZ+pyE6XOxYsVsXNEhhxxi1q1bF+bQKR9Lxa9U8E6dXHV/CtqkXkXKpwUHQiCAsAgBYhRDaOu9WbNm9gc9vjBRFNfO5GuofoKOOFR/Qm/uiivQlnxetvzVlbJChQq2fkX88YEvXOO36rUzo2JYgUnsqkqmBEYyTCWtteOjoxh1PE0XU+CrgmAlWFWvQ0dLiabnpgsb7sN/AggLT+ZQlQ9vuOEG2zdAQYJY8gkoKFPn3XpT1jGUdix0nJHXh6g6m0oMKgVTTaV8M1UJVXyITDsIElgyPex1PKEW6sky7QoFDczia2ck63pRjCshpq61qsSqDJAnnnjCZoRgEEgXAggLT2ZSZ9rqkElxrORPmIIQJSJ0/i3Tj74Ehpph5ceCowQ9JINaEPkZJ1XfUZqz1t7upj9/9tlnk+qWApWDbJCPP/7YVqT02ZRG2qRJE3v8IUv3NFqf5wrf808AYZF/dpF+U/UB9GP03nvvRXrdTLqYggXVYVTHTjJt+6sGRdu2bRPCoFRU9QdRLMLYsWMTGisVX65YsaKtWRFvKoSlbJcg9iJZfunoKOjkq7TdNm3aJOtSSR9XQlVppNoBUzCsRJNSkzEIpBsBhIUnM6qtdJ3Jjhs3zhOP/XJTFR5VXVIPUB116AF29913286kiVqQbqomXsrq8ckUTxHfE0S+i4+yW7p165b0W4lvn66CY4MGDUr6NZNxgSBGSmOrzocEkwI3MQikIwGEhQezqjNtBXjdf//9tjgRFh4BNXzSjoT+LhNnFSrq27dvaBdRCqE6mSpGJqgkGdrgSR7ohRde+NsugaqHqniVMhmSbUrD1INYsUUNGjQwc+fOTfYlQx//pZdeMldccYX59ddfbayO+qrQWCx0zAzoEAGEhUOTsSdXvvzyS3u+r0A5grzCmzA9HHU8oeZgMp19q+jVkUceGd5FjLHxCYpHuOWWW+wuiE+mIzg1FAtMwktpkVFmJp1//vnm1VdftS4odTc3Kb6uMFbfFAlKmWpyqOOrdh4xCKQzAYSFB7MbvDWSahrOZClWRUWtgkBKZdko80G7QepEGrbpOjpmUQt136qmFipUyOzcuTOGZMiQIZZdlKZUTAlq1bMQR4k/H0w7X4MHDzZKWa5du7YtIqb0XAwC6U4AYeHBDKtDpn6gfvvttzynOnpwe5G6qJgBbeUHRx8K0JwwYUJSz7tV7vvhhx82vpWljn/b1iRp90Lb+hIbUZp2lPSWv2jRIntt7VqoLojLFp9Jozid1157LdJdHpfZ4Fv6E0BYeDDHl19+uW2hrCMRLP8E1qxZY8sn68Ekq1atmt2aPvbYY/M/aC6+qXRJ7VSoyJYqdvpi2rpXpoxM1Ua1/sI+JsotCwka9dNQa3GXdy20uyPh+vbbb9tbq1+/vm39riMkDAKZQgBh4cFM16lTx5QrV868/PLLHnjrpos6RjrrrLNidUAUCKj0xShKKAfCQrsWnTp1chPQbl6NGTPGdO7cOfanavuu4OFUmYI3tWuh+A6Z/l6rVq1UuZPtdbWzolbvQeaWBIb+n6X3h1PThDMREEBYRAA50UsUL17c/sjrjRfLO4FNmzaZxo0bm08++cR+WZ1GVaY6iqwGXU/BezpWUA0LBYv6YDoiWrt2rXW1aNGiZtWqVZGIsL2xUUaI5k67Auedd14soNMFnhIVKoAWFAzTLphSZZMRs+PC/eIDBPZGAGHh+PrQQ1EpakpTDKLLHXfZKfeUqqtUz3fffdf6pbdI1RDIrr15shxX/QqVZNdDR2fvrpv6V1SuXDnmpuotzJw5M+Vub9++3RbL0vGVbN68efaoIdWm3ZSGDRtaISETL5VuL1u2bKpd4/oQSAkBhEVKsOf+oipjrIhynTFfdNFFuf8in7QEFJ+iaHyZ+jJo1yLqdEU1H9Oxi7bFFQDpuikWJYilUDGsUaNGOXOEIzGhXQvFWiiAU3Efqeydo+tfeOGFRt2HZUpZ1nqLajfM9bWEf5lR3TzGAAAUBElEQVRJAGHh+LzrYaQfrnTokxA1au3y6Mxbph96talWeeqoTdv2SpmcNWuWNzUMtKvz+OOPG7V6lzhzydS2feXKldYlFTJTwalUmOp7XH311WbDhg328hKN2pmKIm4nFffLNSGQWwIIi9ySStHn1KK7Q4cONuhw99LKKXLJi8uqmJj6MsgKFChgdwyUVZAKO/nkk22qpHZLatasmQoX0uqaKruu3itB+3YVz5J4i8oUe6J4p+HDh8fWl0SF1pi6v2IQyHQCCAvHV4C6aqqOhWItSFnL3WTpAa4MkI0bN9rAQxWmCrNEd+68+OtTOlbQ8QLiMK/k9vx57QBdcMEFtviUjkKUjp3f7rN58UrHQiqm9uOPP8a+1q9fP9tWPur6Hnnxm89CIEoCCIsoaefjWr179zaqdqgzZb15Y3snoLoLSkPUg1ymQDr16kgVO1WL1Fus/tqyZUvK/EjHdSPBrWMQBXUqwFnHN+ecc07ot6rCdIpxuvHGG2PHHrrIAQccYJ588knK7IdOnAF9J4CwcHwGVfdAW73ffvut45664Z6ExFtvvWWdOemkk2yb+VRuTyuuo169eka1SBYvXuwGpDTxYvPmzUb1NeJLfCvAWTEhrVu3TvgutcOkOBPVHwmOXYJBdcymuh5RBwInfFMMAIEICCAsIoCcyCXUFVGpfkFNgUTGSvfv6o1S7bxlRxxxhBVkJ5xwQkpvW/7IL9U4CHqTpNShNLu4doQkJIIU1OD2FI9Ut25do+JkNWrUyNNda4eia9eudjcivk+KBpFw0dGHRCsGAQhkTwBh4fjKUN0DZYQE6WyOu5sy93TcoTN3bYsffPDBZvz48UZdMVNtyuhRZo/6kUgkYuET2LVrl92lUhO5oAdMcBWtBe0uKLtFAZ97Mh01qg6FxJ+60a5fvz720cKFC9vCZhKH2nnCIACBvRNAWDi+Qtq1a2c+//zzWCljx91NiXvq/aEffAW4yrRL0L1795T4En/RHTt2mAMPPNDGVqhyZXzRqZQ7l6YOLFy40IwYMSJWuyT+NrVzoXVy2mmnGaWsKnNIMTlPPPFEtjRUiluN4xTnlIo05TSdIm4rAwggLByf5JYtW9o0xaBxluPupsQ9nXOvXr3aXlt1BXQu7oKp2qf6W6i7ZVB3wQW/MsEH7fK98MILVmAEgby5vW8FgiqLSDsU2vHAIACBvBFAWOSNV+SfbtOmjd2t4MGUPXpVPgzSDMuUKWPUbEy7BC5YEPOhtulKU8SiJ6AeHoqVULyNClrp2GR3U3VRNaXTjoYCffv37+/MGoqeGFeEQOIEEBaJM0zqCCqOpTdfYiyyx6xz9aBQkdIPVWPAFVMAobIJKMfuxoxo50LiIoifUDVWFSyTqJC4wCAAgXAIICzC4Zi0URSdPnXqVPPdd98l7Rq+Dvzzzz/b7A81gdKb5ooVK5wppxzspKh+hmI/1KcEgwAEIJAJBBAWjs9yt27dbJCZcuqxrASU9qcCSap4qMh/lVR2xRT0p1iPatWq2eBbDAIQgECmEEBYOD7Tt956q41yVzEg7C8Cquuh7pbKvNA2tlI6mzdv7gQi+VSuXDm75T506FCbBolBAAIQyBQCCAvHZ1oxA2p4pKI9nAP/NVk33HCDGTlypP0DCQplAKSyfXb8MlIlSNU9UJ+SH374gUBAx/8fwz0IQCBcAgiLcHmGPpoensouUByBKw/O0G8yjwNu27bNKAMkiK1QyWUVQHLFVCtBmTwShL169XLFLfyAAAQgEAkBhEUkmPN/kXHjxpmOHTvabXVy6v/kqNTBoKqmYhjmzJljSpcunX/IIX5z/vz5NstADaqUyXPYYYeFODpDQQACEHCfAMLC8TlS4KYCE5W2eOihhzrubTTuqUV1kFaqfhBq9OWKqUCXKjmeffbZtqsqBgEIQCDTCCAsHJ/x119/3TRr1sz2CznxxBMd9zYa99q3bx9r6CXRNXny5GgunMNVNmzYYNNfFQvz1FNPGVVNxSAAAQhkGgGEheMzrhTKK6+80khgqDw0Zmw3S5Vqll166aXmmWeecQJLnz59bFyFxIUqpSp4E4MABCCQaQQQFo7P+JAhQ2wA4IIFC8zJJ5/suLfRuKcGY0rBlbVo0cKmmqbaVGdEja3++OMPM2bMGNtnAoMABCCQiQQQFo7PeufOne2DSkGBe2v77PhthOreXXfdZW677TY7psSWRFcqTXUr1LJdu0rqN6G4GDUewyAAAQhkIgGEheOzfuGFF9o3cqUv1qpVy3Fvo3HvxRdfNK1bt7YXUyGqVJc7f/DBB02PHj1sbMXYsWONYkAwCEAAAplKAGHh+MxXrVrVpi1++OGHpnbt2o57G417Si89/fTTYxf76aefUlaESrslTZo0sQXMzjzzTNvkinoj0awDrgIBCLhJAGHh5rzEvNpnn33M9u3bbb8J1WzAjBk9erS5/vrrLQo1+ZKwKFmyZORofv31V9sd86uvvjJly5Y1r732GuIv8lngghCAgGsEEBauzUicP9riV4aBjHTTv8DccccdRi3SA9u1a1dKZvGcc84xM2fONIULFzaq/skRSEqmgYtCAAKOEUBYODYh8e7MmzfPnHrqqfaP1IZbxyKYMUERKrFQTw7FNURtOpqqV6+e2blzpzn22GPNsmXL7O4JBgEIQCDTCSAsHF4BEydONO3atbMeKs5C6YyYMY0bNzazZ8+2KFTbY9asWZFjOffcc21lTe0oKc7i8MMPj9wHLggBCEDARQIICxdn5f99GjhwoFHbdNnSpUvN8ccf77C30bmm+ArFWcjKly9vvv322+guboztpNqmTRt7zS5duphRo0ZFen0uBgEIQMBlAggLh2cnvnT1N998E4u3cNjlSFzTboV2LQIbP358ZN1NVbZbtSrUu+WYY44xixYtSkngaCSguQgEIACBfBBAWOQDWlRfad68uc00kNGELCv1+OOQa6+91jz66KORTIt6k6gAVqFChcyECRNseXEMAhCAAAT+IoCwcHg1BDUs5KK2+7Xtj/1JYPfMkHfffTdLbYtkcArKq2ts9SiZNGmSLYqFQQACEIAAwsL5NaAUShVa+v33362va9eutbUSsD8JrF+/3lSsWNFs3brV/rsCW1Xro0iRIklBpEZnl112mR1b5bqVsVOmTJmkXItBIQABCPhMgB0LR2dv3bp1WYQEwuLvE6VKl/EZIYMHDza9e/cOfUaV9dG0aVOjglgHHXSQUeXP4447LvTrMCAEIACBdCCAsHB0FhUUGN/N9OeffzYlSpRw1NvUuKWKpHXr1rUZM4Hpod+wYcPQHFqyZIlp1qyZ+f77703p0qVtV1XiKkLDy0AQgEAaEkBYODqpChBUoGBgGzduNKVKlXLU29S5NWPGDHPRRRfZsueyypUrm/fee882J0vUfvzxRytcVq9ebYM11VX15ptvTnRYvg8BCEAgrQkgLByd3uHDh5uePXvGvNu8ebMpXry4o96m1i097O+9996YEy1atDBTp05NKLBSMRxnnHGG+eKLL+y4yjx55JFHqK6Z2qnm6hCAgAcEEBaOTlKvXr2MshAC++WXX8wBBxzgqLepdeuPP/6wMRBBNU55o2MkZW0o0DKvpiqnalevMuoy1av47LPPkhYYmlf/+DwEIAABlwkgLBydHVV2VIXHwLTVn6yMB0cR5MktdThVZVLFQgSmmJRXX301TzEXH330ka2quWrVKjuMGo1NmzbNqMssBgEIQAACORNAWOTMKCWfUADi3Llz7bV1vr9t2zbbRRPbMwEVEZMoeP/997N86JprrrGNyvbGb/78+WbYsGFm8uTJse8q6+SVV16xab8YBCAAAQjkjgDCInecIv9UlSpVYm/NerBt2bIlch98vKCOjDp16mSefvrpLO6rA6kqmfbo0SNWaEx1Lzp27GiU+aHvBVasWDHTt29f06dPH6N/xiAAAQhAIPcEEBa5ZxXpJyUmtEsh0zZ88M+ROuHxxe6//34zYMCAWAGt4FYOPvhgu6uh4Mz4o6bgv6tb6bhx4+wRCG3QPV4AuA4BCKSMAMIiZej3fGFlgJQsWTL2Af3zpk2bHPTUbZdUBv2qq64y77zzTo6OKvjzxhtvNGeddZYpWrRojp/nAxCAAAQgkD0BhIWDK2P58uVGW/eBVahQwaxZs8ZBT/1waeTIkTZ+QvUodrcLLrjAFr1SeXAMAhCAAAQSJ4CwSJxh6CMoaDO+eqQeetk9FEO/cJoPuHLlSjNz5kwbxKliY+qQqqMRDAIQgAAEwiOAsAiPZWgjvfTSS6Zly5ax8bR7ERRqCu0iDAQBCEAAAhBIAgGERRKgJjqkggeVrRDYKaecYpQOiUEAAhCAAARcJ4CwcHCGBg0aZG655RaEhYNzg0sQgAAEILB3AggLB1eIeoSoV0hgZ599tnnjjTcc9BSXIAABCEAAAlkJICwcXBGqFDl+/PiYZ+pboaZaGAQgAAEIQMB1AggLB2dIKZDTp0+PeXbFFVeYCRMmOOgpLkEAAhCAAATYsXB+DZx++ulmzpw5MT87d+5sRo8e7bzfOAgBCEAAAhBgx8LBNVCjRg2zdOnSmGeqCKkCTxgEIAABCEDAdQIICwdnSJU2VY46sDvvvNP079/fQU9xCQIQgAAEIMBRiPNroESJElm6bWq3QrsWGAQgAAEIQMB1AuxYODZDO3fuNIUKFcri1SOPPGLat2/vmKe4AwEIQAACEPg7AYSFY6tCXUzVxyLennvuOdvqG4MABCAAAQi4TgBh4dgMqdlYpUqVsng1Y8YMc+655zrmKe5AAAIQgAAE2LFwfg2o2Vi1atWy+Dlv3jxTv359533HQQhAAAIQgAA7Fo6tAdWvUB2LePv000+NUlAxCEAAAhCAgOsEEBaOzdDbb79tmjRpksWrlStXmqOOOsoxT3EHAhCAAAQgwFGI82tgypQpplWrVln8VEBnyZIlnfcdByEAAQhAAALsWDi2Bh5//HFz7bXXxrwqWLCg2bZtmylSpIhjnuIOBCAAAQhAgB0L59fA4MGDTd++fWN+SlBs377deb9xEAIQgAAEICAC7Fg4tg7uuece069fv5hX5cqVM999951jXuIOBCAAAQhAIHsCCAvHVkbXrl3NqFGjYl4dc8wxZvny5Y55iTsQgAAEIAABhIUXa6BTp05m7NixMV8bNGhg5s6d64XvOAkBCEAAAhBgx8KxNdCuXTszceLEmFequKnKmxgEIAABCEDABwIIC8dmqUqVKmbVqlUxr/TvK1ascMxL3IEABCAAAQhwFOLFGujevbsZMWJEzNcePXqY4cOHe+E7TkIAAhCAAATYsXBsDcyePds0btw45tWsWbNMo0aNHPMSdyAAAQhAAALsWHixBj788ENTt27dmK+fffaZqV69uhe+4yQEIAABCECAHQvH1sDuOxa7du1yzEPcgQAEIAABCOyZAMLCwdVRoEAB61WdOnXM4sWLHfQQlyAAAQhAAAIchXizBhAW3kwVjkIAAhCAwG4E2LFwcEnss88+tj9IsWLFzNatWx30EJcgAAEIQAAC7Fh4swYkKH7//XcjgaHOphgEIAABCEDAFwLsWDg6U0o5VaopBgEIQAACEPCJAMLCp9nCVwhAAAIQgIDjBBAWjk8Q7kEAAhCAAAR8IoCw8Gm28BUCEIAABCDgOAGEheMThHsQgAAEIAABnwggLHyaLXyFAAQgAAEIOE4AYeH4BOEeBCAAAQhAwCcCCAufZgtfIQABCEAAAo4TQFg4PkG4BwEIQAACEPCJAMLCp9nCVwhAAAIQgIDjBBAWjk8Q7kEAAhCAAAR8IoCw8Gm28BUCEIAABCDgOAGEheMThHsQgAAEIAABnwggLHyaLXyFAAQgAAEIOE4AYeH4BOEeBCAAAQhAwCcCCAufZgtfIQABCEAAAo4TQFg4PkG4BwEIQAACEPCJAMLCp9nCVwhAAAIQgIDjBBAWjk8Q7kEAAhCAAAR8IoCw8Gm28BUCEIAABCDgOAGEheMThHsQgAAEIAABnwggLHyaLXyFAAQgAAEIOE4AYeH4BOEeBCAAAQhAwCcCCAufZgtfIQABCEAAAo4TQFg4PkG4BwEIQAACEPCJAMLCp9nCVwhAAAIQgIDjBBAWjk8Q7kEAAhCAAAR8IoCw8Gm28BUCEIAABCDgOAGEheMThHsQgAAEIAABnwggLHyaLXyFAAQgAAEIOE4AYeH4BOEeBCAAAQhAwCcCCAufZgtfIQABCEAAAo4TQFg4PkG4BwEIQAACEPCJAMLCp9nCVwhAAAIQgIDjBBAWjk8Q7kEAAhCAAAR8IoCw8Gm28BUCEIAABCDgOAGEheMThHsQgAAEIAABnwggLHyaLXyFAAQgAAEIOE4AYeH4BOEeBCAAAQhAwCcCCAufZgtfIQABCEAAAo4TQFg4PkG4BwEIQAACEPCJAMLCp9nCVwhAAAIQgIDjBBAWjk8Q7kEAAhCAAAR8IoCw8Gm28BUCEIAABCDgOAGEheMThHsQgAAEIAABnwggLHyaLXyFAAQgAAEIOE4AYeH4BOEeBCAAAQhAwCcCCAufZgtfIQABCEAAAo4TQFg4PkG4BwEIQAACEPCJAMLCp9nCVwhAAAIQgIDjBBAWjk8Q7kEAAhCAAAR8IoCw8Gm28BUCEIAABCDgOAGEheMThHsQgAAEIAABnwggLHyaLXyFAAQgAAEIOE4AYeH4BOEeBCAAAQhAwCcCCAufZgtfIQABCEAAAo4TQFg4PkG4BwEIQAACEPCJAMLCp9nCVwhAAAIQgIDjBBAWjk8Q7kEAAhCAAAR8IoCw8Gm28BUCEIAABCDgOAGEheMThHsQgAAEIAABnwj8H0Nk/N9G3sAAAAAAAElFTkSuQmCC','1730974030'),
('10','45','2','496','7','data:image/png;base64,iVBORw0KGgoAAAANSUhEUgAAAhYAAAEVCAYAAAC8O6zgAAAAAXNSR0IArs4c6QAAIABJREFUeF7t3Qn4zlX+//FD9sguawqtRGSLKLshVJaakknGKDEtk0pamArNSIikxWSpLFmKScqkEJKsSUSZihYkIaH4/V/nP/d93dbvfX+/n/s+933u57kuF/H5nPM5j3Nf3e/v+ZzzPtmOHDlyxFAQQAABBBBAAIEABLIRWASgSBUIIIAAAgggYAUILPggIIAAAggggEBgAgQWgVFSEQIIIIAAAggQWPAZQAABBBBAAIHABAgsAqOkIgQQQAABBBAgsOAzgAACCCCAAAKBCRBYBEZJRQgggAACCCBAYMFnAAEEEEAAAQQCEyCwCIySihBAAAEEEECAwILPAAIIIIAAAggEJkBgERglFSGAAAIIIIAAgQWfAQQQQAABBBAITIDAIjBKKkIAAQQQQAABAgs+AwgggAACCCAQmACBRWCUVIQAAggggAACBBZ8BhBAAAEEEEAgMAECi8AoqQgBBBBAAAEECCz4DCCAAAIIIIBAYAIEFoFRUhECCCCAAAIIEFjwGUAAAQQQQACBwAQILAKjpCIEEEAAAQQQILDgM4AAAggggAACgQkQWARGSUUIIIAAAgggQGDBZwABBBBAAAEEAhMgsAiMkooQQAABBBBAgMCCzwACCCCAAAIIBCZAYBEYJRUhgAACCCCAAIEFnwEEEEAAAQQQCEyAwCIwSipCAAEEEEAAAQILPgMIIIAAAgggEJgAgUVglFSEAAIIIIAAAgQWfAYQQAABBBBAIDABAovAKKkIAQQQQAABBAgs+AwggAACCCCAQGACBBaBUVIRAggggAACCBBY8BlAAAEEEEAAgcAECCwCo6QiBBBAAAEEECCw4DOAAAIIIIAAAoEJEFgERklFCCCAAAIIIEBgwWcAAQQQQAABBAITILAIjJKKEEAAAQQQQIDAgs8AAggggAACCAQmQGARGCUVIYAAAggggACBBZ8BBBBAAAEEEAhMgMAiMEoqQgABBBBAAAECCz4DaSvwyy+/mDlz5pj9+/ebbNmy2V/6uxw5cphff/3V/n7w4EHTpEkTc/7556etEx1HAAEEYhEgsIhFi2vjIqAv8cmTJ9sv8Zw5c9pfuXLlMtmzZ7e/67/1pR/6t02bNpmvv/7aHDlyxOTJk8f+22+//WYWL15sA4Lff//d/t1pp51mtm7datavXx+X565UqZJtVwFImTJlTM2aNc2hQ4fM4cOHTYsWLWz7eo6yZcuaKlWqxOUZqBQBBBBINgECi2QbkRR+Hv20P2nSJLNjxw6zceNG880335hzzjnH/t1PP/1kzjvvPPv38S6lSpUyRYsWtb+OLZUrVzbFixfP0iN89NFHZt++feE6FBAtWbIk6jrr1KljihQpYq/Pnz+/ueyyy2wwlDt3bvtnBVP6ewVS5cqVi7peLkQAAQSSQYDAIhlGIYWeQV+q27dvN6Hf582bZ39K/+KLLzLdC33ZFytW7Kj79eVau3ZtOxsQWS655BJTqFAh+1cKZPLly2eDl/Lly2e6/Xjc+OGHH9pXLKFy7H8vXbrUzq6Eyg8//HDCmZXChQvbgKNWrVp2dkazIpoJUcBx9tlnWyMKAgggkEwCBBbJNBqOnuW7774zb775pv1JWV/Wn376qf2zAgjNMJxxxhlmwYIF9t+iKVqPULJkSfvFp18qoYBAX4oNGjSIppq0v2bRokX2Vcvy5cvN3r17zerVq82uXbvM7t27zapVq47yOf3000316tXNxRdfbPTnihUr2lcwV1xxhSlQoEDaWwKAAAKJEyCwSJy105b0E/O7775r1xy8/vrrdpbh+++/j/mZ9FOzpvL1u36K1nS9AgWth9CXGCWxAgo+NJZ6FaPAT+tMtMbj/fffP+pBFNhp3PSqRQGHFqRSEEAAgXgIEFjEQzUJ6tyzZ48NIJ5//nmzcOFCu9Ax2qKAQa8YLrroIhs4aLr9rLPOYqYhWsAkuU7rWjSzsWbNGrNlyxazYsUK+9+a8VBp1aqVDQ7btGljLr300iR5ah4DAQRSXYDAItVH8H/Pv23bNqP1DpqRmDt37nE/sUZ2U8GCvkj0k6umz/VnTZ/rS0bv8yl+C3z22WdGazz0imXWrFnmq6++sh1u2rSpady4sWnbtq3RuhcKAgggkBkBAovMqCXJPdpyqRmJmTNnmrVr157wqfSKQoFD3bp1Tb169exUeLItdEwSzrR9DK3beOutt8zbb79tg1Pt5tFi2oYNG5ouXbqYZs2a2RksCgIIIBCNAIFFNEpJdM2PP/5obrrpJvsloIV9JypaOHnjjTeaqlWrmj/84Q9Z3l6ZRN3nURIgoDwhWo+jbcLz58+3LTZv3tzUr1/f9O7d22inCgUBBBA4mQCBRQp8NrRtcfTo0Wbs2LFm3bp1xz2xdm1oCluzEnpfrrURFASCENDOIL0yCQUZmiUrXbq0fV2imbA///nPQTRDHQgg4JEAgUUSD6a2fQ4fPtwuwjx2B4eSP+l/6i1btjRXXnllEveCR/NJQNuPX3rpJfPiiy8a5d5Q0awGn0GfRpm+IJA1AQKLrPnF5W5tDb377rvt1sHIoi2eXbt2tQFFjRo14tI2lSIQi8CAAQPM1KlT7SyZFnw+8sgjsdzOtQgg4KEAgUWSDWqnTp3s/6gji6ace/bsaa666ipTokSJJHtiHifdBfR6rlevXua9994zU6ZMMR07dkx3EvqPQFoLEFgkyfDrf85alLly5Ur7RNrN0ahRI9OnTx+bzOjY1NZJ8tg8BgJW4I033jDt2rWzr0Rmz55tty9TEEAgPQUILJJg3EeMGGEeeOCB8MFWWhz3zDPP2IWYCjAoCKSCgFK5aw2GFhrfeuutqfDIPCMCCMRBgMAiDqjRVqm1FFozEXmst2YpZsyYYQoWLBhtNVyHQFII6DA4Zfjs3LmzmTBhQlI8Ew+BAAKJFyCwSLy5ee2118yYMWNsMqJQyZYtmxk4cKB99aGDuigIpJqAFnL279/fJmE7duFxqvWF50UAgcwLEFhk3i7mO3Vmw8033xxeR6EKFFDo1cdTTz3ForeYRbkhmQRCgYUWGyv3BQUBBNJTgMAiQeOuTIZaMxE6erxcuXLmtttus4FGqVKlEvQUNINA/AS0K0Sv8lSUSEtn0VAQQCD9BAgsEjDmOvRJB3zt3bvX5M2b1/Tr18/cddddnL+QAHuaSJxAZGChGQtOTE2cPS0hkEwCBBZxHo1ff/3VtGjRwixYsMAo9farr75qj6umIOCbgJK66ZWeypEjR3zrHv1BAIEoBQgsooTK7GVajDlkyBCTK1cuM378eHPddddltiruQyBpBXQ6qg68U1Eyt1GjRiXts/JgCCAQXwECizj6KgthKJDQ/3QVWOg4akqwAhdccIHZsGGDufDCC43OV6EkXqBDhw5m2rRptuGJEyfa03UpCCCQngIEFnEady3WbNasmTl8+LA599xzzb///W/7OyV4Ae2sCRVtd+S8iuCNT1WjkmIpOZZKzpw5zcGDBxP7ALSGAAJJJUBgEafhCGUh1MFhS5cuNdWqVYtTS1SrnQhaOBgqnFeR2M9Ely5dwgmx7rvvPjN48ODEPgCtIYBAUgkQWMRhOA4dOmTy589vf3JTZs2xY8fGoRWqjBRQtseXX37Z/pXOq9CsBUd5x/8zsmzZMlOvXj3z+++/m8KFCxvlamGbafzdaQGBZBYgsIjD6Og1iA4OU9GfQ3v749AUVf5P4OOPPzY1a9YMe+jP77zzjilUqBBGcRTQibt6zadssYMGDbKZYykIIJDeAgQWcRj/yG13P//8sylQoEAcWqHKYwX0k/LWrVvDf/3ggw+aRx99FKg4CUTmrdA5ITr7pnjx4nFqjWoRQCBVBAgs4jBSWqS5adMmdinEwfZUVR4bWDRv3tzMnTs3wU+RHs399ttvpkqVKnY3jhbPTp48mZT06TH09BKBDAUILDIkiu0CvWMOLdTU0dE6QpqSGIHrr7/efsGFitKmf/XVV4lpPM1a0RqWv//977bX+fLls85FixZNMwW6iwACJxIgsAj4c/Hwww+Hp99nzpxp2rVrF3ALVHcygZEjR5revXuH/1nv/fUqSl98lOAEtG5I2WQ1ayFjvRK5/PLLg2uAmhBAIKUFCCwCHj6dj7BixQpb665du1g8GLDvqaqLXDQbum7JkiWmbt26CXwKv5vSZ7p27dr2VZ9K+/bt7W6c3Llz+91xeocAAlELEFhETZXxhdu3bzclSpSwF9avX98sWrQo45u4IjCBn376yW55jCw6u+LOO+8MrI10rkjn3mhr6cqVKy2DFmzqDBy2l6bzp4K+I3C8AIFFgJ8KLRRs2bKlrVGnlw4dOjTA2qkqGgHNTmh3Qqho3YUOfqNkXSC0tVQ1VahQwbzyyiumTp06Wa+YGhBAwCsBAosAh1OHjYX28b/44ovmlltuCbB2qopGYMCAAUZpvUNFGVB1bD0lawLKVaHAQiVHjhxGr5gi84ZkrXbuRgABnwQILAIczb/97W/hWYo5c+aEZy8CbIKqMhDQ+hatc4ksyoCqMywomRPQjo+qVaua3bt321N6n3jiCV4vZY6SuxBICwECiwCHuUePHua5556zNb755pvhY6QDbIKqMhDQoW8lS5Y0Wu8SKkqaVbp0aewyKaDXe6F8IEqTPn/+/EzWxG0IIJAOAgQWAY6y1lUMGzbM1shW0wBhY6zqhhtuOGpdxfr1642OVqfELqADxfr27WtvLFiwoFHq9IoVK8ZeEXcggEDaCBBYBDjUjz32mHnooYdsjePHjzc33XRTgLVTVbQCzz77rLntttvCl2sqX8myKLEJvP766+bqq68O3/TCCy+Ybt26xVYJVyOAQNoJEFgEOOSjRo0yvXr1sjXqzz179gywdqqKVkDbfBs0aBC+fMeOHWSFjBbvf9fNnj3bdOrUyezfv9/+jRYiK2BjrUqMkFyOQBoKEFgEOOizZs0ybdu2tTXecccd4dciATZBVVEIROYT0eXff/99OL9IFLen/SUzZsww1157bdhBf9aWXS3cpCCAAAIZCRBYZCQUw7+vXbvWrp5X0f+Mp02bFsPdXBqkgPIsfPnll7ZKnR+in74pGQtMmjTJdO7c2fz+++/24tatW5sxY8aYMmXKZHwzVyCAAALGGAKLAD8GOpdCC9xUatWqZZYtWxZg7VQVi4AOgNMXoopeSenVFOXUAk8++aS55557whcpb4WSYBUoUAA6BBBAIGoBAouoqaK7UO+gdTiTpo0PHDgQ3U1cFbiAFs/+6U9/svVefPHFRqfOUk4u8OCDD5rHH388fIESvfXr1y8cKGOHAAIIRCtAYBGtVJTXnX766eaXX34x+n3v3r1R3sVlQQts3rzZVKpUyVarEzh1eBY/eR+vrFk27aDRzISKToLVcehaI6QMmxQEEEAgVgECi1jFMri+ePHiRrsQ8ufPb/bs2RNw7VQXrcCRI0dsoqwffvjB3qKkTkruRPn/AvKZOHGi+etf/2p0eJtKtmzZ7Ouj7t27w4QAAghkWoDAItN0J75Ri9y2bdtmsmfPHl4AF3ATVBelgBbQaoeDiqb5H3jggSjv9Puy5cuXm0GDBpnp06eHO6oTSrW+QjMVFAQQQCArAgQWWdE7wb2XXHKJWb16tf0XraxXgEFxIzB8+PDwmRatWrUyOkgrncu+ffvMiBEj7FkfOvcjVHTGjZK75cmTJ5156DsCCAQkQGAREGSomsaNG4fPUiB/QsC4MVb3ySef2IWbKsWKFbP5LNI10Fu3bp1Ryvl33nknrKg053odcuyhbTEyczkCCCBwlACBRcAfCL2zfvrpp22tHEQWMG6M1WkdQalSpWxAoaJzLmrUqBFjLal/uV4B6dVHqOTNm9e+FtIZIFrYSkEAAQSCFCCwCFLz/21tVFKsDh062FqV3jsUZATcDNVFKXDzzTebcePG2av1akSBX7oUZSBVKm6l5w6VRo0amZdeesmcddZZ6cJAPxFAIMECBBYBg2uLadGiRc3BgwdNkSJFjI7s5t11wMgxVLdy5UrTpEkTu900nfJZzJkzxx6Ct3PnTqtVuHBhO0PRu3dvPo8xfH64FAEEYhcgsIjdLMM7IncjaOX9Nddck+E9XBAfAR2ipdwMKrlz5zZawOj79P/9999vF2iGSvXq1e3CVb0WoiCAAALxFiCwiIPwRx99ZOrUqWNzBdSrV8988MEHcWiFKqMV0PT/e++9Zy/XVktfFytqdqZdu3bm66+/DtPoddyQIUNsUEVBAAEEEiFAYBEH5UOHDtlUyKEjp//zn/8Y7RahuBFQDgulrFYZOnSo3R3hW9FBa127dg1/5vTaR2nNtf2ZggACCCRSgMAiTtp6v62tfCoXXnih+fTTT+PUEtVmJLBw4ULTsGFDe9n1119vjwD3qRz76qN9+/Y2g6bW+lAQQACBRAsQWMRJXK9BLr/8crN48WLbwoQJE+xx1JTEC2hdRaFChezhcGeeeab57rvvEv8QcWhRqeM7duwYfs2jdPI650M7QXQIHgUBBBBwIUBgEUd1rcxv06aNzcCpKWm9A6e4Eahfv344yFPirMqVK7t5kIBaVY4Und6q4EJFa3r06uO8884LqAWqQQABBDInQGCRObeo7lJAcdVVV5m5c+fahZxama/U0pTEC/Tv398MGDDANvzss8+aHj16JP4hAmhRgYTWiIResymTqE4nVQIsTm8NAJgqEEAgywIEFlkmPHUF2o2g4ELT8bVr17Y/Nfu+3THOpJmq/t1337X5LFSUwGzq1KmZqsflTZqRUIKv0DkfLVu2NM8995wpV66cy8eibQQQQOAoAQKLOH8gDhw4YFq3bm20M0RFX2ihzJxxbprqIwS0U0c/0Ws8tBYhdJx6KiBt2LDBPPTQQ+FgSIGE1lHcfvvtti8UBBBAIJkECCwSMBpaW1GrVi271uL00083a9asMRUqVEhAyzQRKaDXUFr3oqJdOtqtk+xFrzx0nLnOO8mWLZu59957zcMPPxxO+pXsz8/zIYBA+gkQWCRozLt162bGjh1rW7vsssvsSn5W7icI/3/NRB6jPnr0aHPrrbcm9gFiaG3FihU2iNBMlwIKvfb45z//mfKLTmMg4FIEEEhRAQKLBA3ctm3bjFIrh6bgNY09cuTIBLVOMxJYv369ueiiiyyGXiW8+OKLSQfz008/mRtvvNGejKui3SvDhg0zTZs2Tbpn5YEQQACBEwkQWCTwc7FgwQL7BaH3/Srr1q0Lf9El8DHSuqmSJUva1wrnn3+++eyzz5LKQqnf77jjDnu8u9ZODB482AZAFAQQQCCVBAgsEjxaka9EdIaFditQEicQeYy6EmUpYVYylEcffdSunVDR1lFtIVVaeAoCCCCQagIEFgkeMS3gVDIj/VSq8s477zDNncAxmDVrlmnbtq1tUds3lXrdZdmzZ4/NbbJo0SKj2RRtH1VSNQoCCCCQqgIEFg5GbsqUKfbMCiXNqlq1qlm1apVdoEeJv8CuXbtMkSJFbENKua5zRFyVJUuWmE6dOplvvvnGXHHFFTZx1wUXXODqcWgXAQQQCESAwCIQxtgq0RoLJc16++237Y0vvfSSTc9MSYyA1i8og6W2/G7evDkxjR7TinalKNmVjjPX4kytpVAWTQoCCCCQ6gIEFo5GcPXq1XbbqY5WL1GihP2Cy58/v6OnSa9mtUByxIgRdrvvzp07A3H//PPPber2Fi1amHPPPfekoAcPHjS9e/e2rzwqVapkpk2bZmetKAgggIAvAgQWDkdSC/Q0/a0ycOBA07dvX4dPkz5NT58+3ehocZX58+ebK6+8MkudV2bMyFcYW7ZsMeXLlz+uTi0WVRZW5ajQbMnSpUvJnJkleW5GAIFkFCCwcDgqe/fuNWXLlrVnP+i9v2YtdLw3Jb4C+oIvVaqUbeQf//iH6dOnT5Ya7Ny5s3n55ZfDdYwbN8506dLlqDq//fZbU69ePaOgQ4t3J0+efMLgI0sPws0IIIBAEggQWDgehH/96182A6SmyB944AHz+OOPO36i9Gi+TJkyRknLdDDZvHnzMt1pBYN6pRFZ3nrrLftKJFTWrl1rF2dq4WiNGjXsKbfaAUJBAAEEfBQgsHA8qkrW1LBhQ7Nx40aTM2dOo2n1c845x/FT+d989+7dzQsvvGAXTyrbZZ48eTLV6ci8JKEKvvrqq/CJo0rJrSBD24wvvfRSG1QkS+6MTHWYmxBAAIEMBAgskuAjotTeWtCnooWF2iVAia+AXkVoy6+Kcltol06s5fDhw6Zw4cLm559/PurWL774Ihwcav3G+++/bw+f08wFQWOsylyPAAKpJkBgkQQj9uOPP9qdAVu3brVrLbRTgRJfAZlr26mCA81eaJdGrEWn1urVxrHlscceM/369TOzZ8+2ya4UXGh2pGLFirE2wfUIIIBAygkQWCTJkGnrqXYJqChxFiX+AsodouybCub0SipHjhwxNaodPdrZEyrKQ6FApV27dvYk22rVqtnkV/379zePPPJITHVzMQIIIJCqAgQWSTJyOkZdZ4eoBLEFMkm6ldSPoaCiZ8+eZt++ffbMlpB/tA/9l7/8xTz//PPhy0877TS7lkInqOpU0qlTp5rSpUsb5SwpVqxYtNVyHQIIIJDSAgQWSTR8+mJTgNGxY0ejtN+U+Aps377d1KxZ02ix5Z133mmeeuqpmBps0KCBPeMjVBREaKdJZNE4ajwpCCCAQLoIEFgk0UjrJ1ydHaHC9HliBqZr1672dYiynyrXRLRFMxNauKlDxFQKFChgM3hG1sEYRqvJdQgg4JMAgUWSjSbBRWIHRN464fTAgQNm2bJlplatWlE9wCeffGIuvvji8LVafKt1Gvqlon/X6xAKAgggkG4CBBZJOOKRwcXy5ctt/gNKfAQ0w6CzPbTOomXLlmbOnDlRNTRz5kxzzTXXhK/V7o/GjRvbTJ5KdNarV6+o6uEiBBBAwDcBAoskHVFN0evUUy36mzFjhj3imxIfAb0G0XoL5ZhQDopoyoABA+zrqlDRQs4xY8ZEcyvXIIAAAl4LEFgk6fBqEad+6l23bp3RboMJEyaYP/7xj0n6tKn9WA899JBR7gkV5RLRIsyMSo8ePY7KfaHU7DfffHNGt/HvCCCAgPcCBBZJPsTPPPOMuf322+1T3nfffWbw4MFJ/sSp93jr1683devWtRk0Neug2YeMSmgHT+g6HcMeyp6a0b38OwIIIOCzAIFFCoyuzpu49tpr7Rdfs2bNbBbHs846KwWePDUeUQnJdPKoEpTp9w8++CDDBz82sFBgsmTJkgzvi/UCzVxl9Vj3WNvkegQQQCArAgQWWdFL4L1ffvmlufrqq82aNWtMlSpV7LHbSsRECUZAiy7vv/9+m/X0448/PmGq7siWXn31VXPDDTcc1bhmPi644IJMP5ACEy3cVT4NBROff/65fTWjVyx61UJBAAEEUkGAwCIVRul/z6ij1fUqROsBDh06ZI9b1xS8TkWlZE1A2TF1tPnu3bttSm7t+sioaHYjNEuhPBY//PBDpk5JVVvDhw+3ydFOVkjzntFo8O8IIJAsAgQWyTISMTzHhx9+aE/m3LJli6lUqZINNK677roYauDSEwn07ds3vIZl3rx5pkmTJqeEUlCh2YWPPvrIngUS6+LNDRs22HtCZ8ScrDEOpuPzigACqSRAYJFKoxXxrNoeqYWdoS2P2jmiL0b9ypcvX4r2yu1jf/rppzaXxddff21fM+m1k1yDLnrdoVdZ06ZNO67q8uXLG2011tklCxYssP/evHlzM3fu3KAfg/oQQACBuAgQWMSFNXGV6h28Zix00qZK0aJF7VoM/V3JkiUT9yCetBTKH6LuaDZCZ4gEUZToTPXNmjUrnAb82Hojd6Roa/GkSZPsJS1atDBvvfVWEI9BHQgggEDcBQgs4k6cmAa0NkAzGPqlo7pz585tOnfubLeoKrMkJTqBnTt32kyn//3vf+3ZHzpUTOsnMlN0nsjo0aPN008/bTZu3HjKKhRwXHXVVeFr6tSpY1OMq+iws9DsRWaeg3sQQACBRAoQWCRSO0FtKWPn7NmzbcbOw4cPmzJlythZDCV1ijzfIkGPk3LNPPnkkzYgU2Cg3Rlvv/12TAtkf/nlFzs7oZ0m2iJ8slKqVCmj5FyanShUqFD4svnz59v04KHSpUsXM27cuJRz5IERQCA9BQgsPB53HQf+/PPP2y847ShR0Tt8felFnnPhMUGmuvbjjz/aYOzXX3+19w8aNMhuRc2o6LXUyy+/bBdyhu499p5cuXKZW265xXTr1s1uac2ePftx1SpXiRaPqug5xo4da9dZUBBAAIFUECCwSIVRyuIz7t2716affuONN8z7779va8ubN6/dUXL33XfbqX9mMo5G1qyPMnBqW6/Ka6+9Ztq3b3/Ckdi/f7/dLjpw4MCTrp+oVq2a3R6s3BdnnHHGSUf0lVdeMTfeeKP9d20j7t69uxk1alQWPwHcjgACCCROgMAicdZJ0ZK2qCpfggKNyEyR2g2h7JH6aVn5GSjGPPHEE+GZihw5cphVq1YddRS61mPcc8899kTU0HHpkW6abVCQoKypNWvWjGqHScWKFcMHoSkY0RkxBH18GhFAIJUECCxSabQCflYtDtSiQW19VJbHUDn77LNtsqgOHToctaAw4OaTvjolpVLgMHToUPushQsXNtqSqkWdffr0Ce/EieyIXm1oEaZmGlq3bm2yZcsWdT+HDBli6w0VBXoLFy40CmooCCCAQKoIEFikykjF+TmnTJlig4yJEyce1VLlypVNq1at7BdlOu4u0W4bLZ7UayQVLbLUF/2OHTvCTnq1cdlll5k2bdrYGYrIhZjRDpvykpx55pk2pbiKghcl3spKivBo2+Y6BBBAIEgBAosgNT2oS4sOlbhp/PjxdjdEZNFMRtWqVe2Xp6b2K1So4EGPM+6Czmlp2LCh3cYbWYpT+D7gAAAKDklEQVQXL27atm1r10Boe29WihbVarFtqNx1113hmZKs1Mu9CCCAQKIFCCwSLZ5C7WmrpLatKlGTZjOOLfpiVa4MfSkq14J2OfhU1G/toPnss89OuG1Uszhaq5LV0qlTJ3v4WKjo9YlmRJTKm4IAAgikmgCBRaqNmKPnVZCh48QVaCgJ18mKjnOvVauW0cJD7aJItRNYtQhz5MiR9nC3Y3NQ6BWIck8o5XeoKKW6tpdmpmgGRLtyIoMKzQJph0lksqzM1M09CCCAgCsBAgtX8ine7rp16+wrk8WLF5tNmzaZzZs3n7RH559/vp3NUDbJ2rVr2/UIyVCUAEvJqLRAcu3atTZoCm0vjXw+pUbXYWFaa6EtujoAbvr06eFLtD6lY8eOMXVJQUvBggWPuyczdcXUMBcjgAACcRYgsIgzcLpUrx0m69evt6mrlStDsxunKtpWqVTZ+nLV9lYtVtRsh7a7ahFjkEXBgpJM6fk0S6DXDDpgbNeuXSdtpnTp0vY1j06NrV69+nG7O5TFNPI1iDJ0KkiJtjRq1Oi4Y9KzMvsRbbtchwACCMRbgMAi3sJpXL/O29CR4PpC16yGZgX0hR5N0boN3V+lShUbdCirpXZfaJGk/lt/1hoEXfPtt9/aHBHKLqqkUloTkZmitQ1alKpZlWHDhp1ym6fygdx7771HvcYoW7asadq0qVFK8FOtjxgwYED4VFo9p16x6HWI0q5TEEAAgVQXILBI9RFMwefXbIZenShR14YNG2z66xUrViS8J8o5oUWn2vFRv359OzNRokSJqJ/jRMGFblZQobNG2rVrZ/QaSEXbSTVr8uabbx53oFjPnj3Jrhm1OhcigECyCxBYJPsIpcnzKbjQ0eJK1KUv7NWrVxud2bFy5UqjlOQnK5plUECg1yqauciTJ49NZHWiouv06kVrPDS7oBwdQRRlMFWqbj33sUVbdE/096HrYn2FEsTzUgcCCCAQTwECi3jqUndaCZxo3cSpAFhTkVYfDzqLQNoIEFikzVDT0UQIaA2Jcl/oELOTFc2UaEurZisoCCCAgG8CBBa+jSj9SRoBrSEJnSarh1JOD6X71s4XCgIIIOCrAIGFryNLvxBAAAEEEHAgQGDhAJ0mEUAAAQQQ8FWAwMLXkaVfCCCAAAIIOBAgsHCATpMIIIAAAgj4KkBg4evI0i8EEEAAAQQcCBBYOECnSQQQQAABBHwVILDwdWTpFwIIIIAAAg4ECCwcoNMkAggggAACvgoQWPg6svQLAQQQQAABBwIEFg7QaRIBBBBAAAFfBQgsfB1Z+oUAAggggIADAQILB+g0iQACCCCAgK8CBBa+jiz9QgABBBBAwIEAgYUDdJpEAAEEEEDAVwECC19Hln4hgAACCCDgQIDAwgE6TSKAAAIIIOCrAIGFryNLvxBAAAEEEHAgQGDhAJ0mEUAAAQQQ8FWAwMLXkaVfCCCAAAIIOBAgsHCATpMIIIAAAgj4KkBg4evI0i8EEEAAAQQcCBBYOECnSQQQQAABBHwVILDwdWTpFwIIIIAAAg4ECCwcoNMkAggggAACvgoQWPg6svQLAQQQQAABBwIEFg7QaRIBBBBAAAFfBQgsfB1Z+oUAAggggIADAQILB+g0iQACCCCAgK8CBBa+jiz9QgABBBBAwIEAgYUDdJpEAAEEEEDAVwECC19Hln4hgAACCCDgQIDAwgE6TSKAAAIIIOCrAIGFryNLvxBAAAEEEHAgQGDhAJ0mEUAAAQQQ8FWAwMLXkaVfCCCAAAIIOBAgsHCATpMIIIAAAgj4KkBg4evI0i8EEEAAAQQcCBBYOECnSQQQQAABBHwVILDwdWTpFwIIIIAAAg4ECCwcoNMkAggggAACvgoQWPg6svQLAQQQQAABBwIEFg7QaRIBBBBAAAFfBQgsfB1Z+oUAAggggIADAQILB+g0iQACCCCAgK8CBBa+jiz9QgABBBBAwIEAgYUDdJpEAAEEEEDAVwECC19Hln4hgAACCCDgQIDAwgE6TSKAAAIIIOCrAIGFryNLvxBAAAEEEHAgQGDhAJ0mEUAAAQQQ8FWAwMLXkaVfCCCAAAIIOBAgsHCATpMIIIAAAgj4KkBg4evI0i8EEEAAAQQcCBBYOECnSQQQQAABBHwVILDwdWTpFwIIIIAAAg4ECCwcoNMkAggggAACvgoQWPg6svQLAQQQQAABBwIEFg7QaRIBBBBAAAFfBQgsfB1Z+oUAAggggIADAQILB+g0iQACCCCAgK8CBBa+jiz9QgABBBBAwIEAgYUDdJpEAAEEEEDAVwECC19Hln4hgAACCCDgQIDAwgE6TSKAAAIIIOCrAIGFryNLvxBAAAEEEHAgQGDhAJ0mEUAAAQQQ8FWAwMLXkaVfCCCAAAIIOBAgsHCATpMIIIAAAgj4KkBg4evI0i8EEEAAAQQcCBBYOECnSQQQQAABBHwVILDwdWTpFwIIIIAAAg4ECCwcoNMkAggggAACvgoQWPg6svQLAQQQQAABBwIEFg7QaRIBBBBAAAFfBQgsfB1Z+oUAAggggIADAQILB+g0iQACCCCAgK8CBBa+jiz9QgABBBBAwIEAgYUDdJpEAAEEEEDAVwECC19Hln4hgAACCCDgQIDAwgE6TSKAAAIIIOCrAIGFryNLvxBAAAEEEHAgQGDhAJ0mEUAAAQQQ8FWAwMLXkaVfCCCAAAIIOBAgsHCATpMIIIAAAgj4KkBg4evI0i8EEEAAAQQcCBBYOECnSQQQQAABBHwVILDwdWTpFwIIIIAAAg4ECCwcoNMkAggggAACvgoQWPg6svQLAQQQQAABBwIEFg7QaRIBBBBAAAFfBQgsfB1Z+oUAAggggIADAQILB+g0iQACCCCAgK8CBBa+jiz9QgABBBBAwIEAgYUDdJpEAAEEEEDAVwECC19Hln4hgAACCCDgQIDAwgE6TSKAAAIIIOCrAIGFryNLvxBAAAEEEHAgQGDhAJ0mEUAAAQQQ8FWAwMLXkaVfCCCAAAIIOBAgsHCATpMIIIAAAgj4KkBg4evI0i8EEEAAAQQcCBBYOECnSQQQQAABBHwVILDwdWTpFwIIIIAAAg4ECCwcoNMkAggggAACvgoQWPg6svQLAQQQQAABBwIEFg7QaRIBBBBAAAFfBQgsfB1Z+oUAAggggIADAQILB+g0iQACCCCAgK8CBBa+jiz9QgABBBBAwIEAgYUDdJpEAAEEEEDAVwECC19Hln4hgAACCCDgQIDAwgE6TSKAAAIIIOCrAIGFryNLvxBAAAEEEHAgQGDhAJ0mEUAAAQQQ8FWAwMLXkaVfCCCAAAIIOBAgsHCATpMIIIAAAgj4KkBg4evI0i8EEEAAAQQcCBBYOECnSQQQQAABBHwVILDwdWTpFwIIIIAAAg4ECCwcoNMkAggggAACvgoQWPg6svQLAQQQQAABBwL/B58LK6O1xnpeAAAAAElFTkSuQmCC','1731036177');

CREATE TABLE IF NOT EXISTS `app_attachments` (
  `id` int(11) NOT NULL AUTO_INCREMENT,
  `form_token` varchar(64) NOT NULL,
  `filename` varchar(255) NOT NULL,
  `date_added` date NOT NULL,
  `container` varchar(16) NOT NULL,
  PRIMARY KEY (`id`)
) ENGINE=InnoDB AUTO_INCREMENT=2 DEFAULT CHARSET=utf8mb4 COLLATE=utf8mb4_general_ci;

INSERT INTO app_attachments VALUES
('1','a4c7e1e3dc5aa10b3cda49db8f249fdf','1730753901_dell_-_pendaftaran.jpg','2024-11-05','386');

CREATE TABLE IF NOT EXISTS `app_backups` (
  `id` int(11) NOT NULL AUTO_INCREMENT,
  `users_id` int(11) NOT NULL,
  `is_auto` tinyint(1) NOT NULL,
  `description` text NOT NULL,
  `filename` varchar(64) NOT NULL,
  `date_added` bigint(20) unsigned NOT NULL,
  PRIMARY KEY (`id`),
  KEY `idx_users_id` (`users_id`)
) ENGINE=InnoDB AUTO_INCREMENT=44 DEFAULT CHARSET=utf8mb4 COLLATE=utf8mb4_general_ci;

CREATE TABLE IF NOT EXISTS `app_comments` (
  `id` int(11) NOT NULL AUTO_INCREMENT,
  `entities_id` int(11) NOT NULL,
  `items_id` int(11) NOT NULL,
  `created_by` int(11) NOT NULL,
  `description` text NOT NULL,
  `attachments` text NOT NULL,
  `date_added` bigint(20) unsigned NOT NULL,
  PRIMARY KEY (`id`),
  KEY `idx_entities_id` (`entities_id`),
  KEY `idx_items_id` (`items_id`),
  KEY `idx_created_by` (`created_by`)
) ENGINE=InnoDB AUTO_INCREMENT=11 DEFAULT CHARSET=utf8mb4 COLLATE=utf8mb4_general_ci;

INSERT INTO app_comments VALUES
('9','45','1','7','Menyatakan bahwa pengerjaan telah selesai dan diatasi dengan hasil yang baik, tiketing boleh ditutup.','','1730974030'),
('10','45','2','7','Menyatakan bahwa pengerjaan telah selesai dan diatasi dengan hasil yang baik, tiketing boleh ditutup.','','1731036177');

CREATE TABLE IF NOT EXISTS `app_comments_access` (
  `id` int(11) NOT NULL AUTO_INCREMENT,
  `entities_id` int(11) NOT NULL,
  `access_groups_id` int(11) NOT NULL,
  `access_schema` varchar(64) NOT NULL,
  PRIMARY KEY (`id`),
  KEY `idx_entities_id` (`entities_id`),
  KEY `idx_access_groups_id` (`access_groups_id`)
) ENGINE=InnoDB AUTO_INCREMENT=13 DEFAULT CHARSET=utf8mb4 COLLATE=utf8mb4_general_ci;

INSERT INTO app_comments_access VALUES
('4','21','6','view,create'),
('5','21','5','view,create'),
('6','21','4','view,create,update,delete'),
('7','22','5','view,create'),
('8','22','4','view,create,update,delete'),
('9','23','6','view,create'),
('10','23','4','view,create,update,delete'),
('11','24','5','view,create'),
('12','24','4','view,create,update,delete');

CREATE TABLE IF NOT EXISTS `app_comments_forms_tabs` (
  `id` int(11) NOT NULL AUTO_INCREMENT,
  `entities_id` int(11) NOT NULL,
  `name` varchar(64) NOT NULL,
  `sort_order` int(11) NOT NULL,
  PRIMARY KEY (`id`),
  KEY `idx_entities_id` (`entities_id`)
) ENGINE=InnoDB DEFAULT CHARSET=utf8mb4 COLLATE=utf8mb4_general_ci;

CREATE TABLE IF NOT EXISTS `app_comments_history` (
  `id` int(11) NOT NULL AUTO_INCREMENT,
  `comments_id` int(11) NOT NULL,
  `fields_id` int(11) NOT NULL,
  `fields_value` text NOT NULL,
  PRIMARY KEY (`id`),
  KEY `idx_comments_id` (`comments_id`),
  KEY `idx_fields_id` (`fields_id`)
) ENGINE=InnoDB AUTO_INCREMENT=4 DEFAULT CHARSET=utf8mb4 COLLATE=utf8mb4_general_ci;

CREATE TABLE IF NOT EXISTS `app_configuration` (
  `id` int(11) NOT NULL AUTO_INCREMENT,
  `configuration_name` varchar(255) NOT NULL,
  `configuration_value` text NOT NULL,
  PRIMARY KEY (`id`)
) ENGINE=InnoDB AUTO_INCREMENT=69 DEFAULT CHARSET=utf8mb4 COLLATE=utf8mb4_general_ci;

INSERT INTO app_configuration VALUES
('9','CFG_APP_NAME','IT Tools Management'),
('10','CFG_APP_SHORT_NAME','ITM'),
('11','CFG_APP_LOGO','app_logo_1730426374.png'),
('12','CFG_EMAIL_USE_NOTIFICATION','1'),
('13','CFG_EMAIL_SUBJECT_LABEL',''),
('14','CFG_EMAIL_AMOUNT_PREVIOUS_COMMENTS','2'),
('15','CFG_EMAIL_COPY_SENDER','0'),
('16','CFG_EMAIL_SEND_FROM_SINGLE','0'),
('17','CFG_EMAIL_ADDRESS_FROM','noreply@noreply.com'),
('18','CFG_EMAIL_NAME_FROM','noreply'),
('19','CFG_EMAIL_USE_SMTP','0'),
('20','CFG_EMAIL_SMTP_SERVER',''),
('21','CFG_EMAIL_SMTP_PORT',''),
('22','CFG_EMAIL_SMTP_ENCRYPTION',''),
('23','CFG_EMAIL_SMTP_LOGIN',''),
('24','CFG_EMAIL_SMTP_PASSWORD',''),
('25','CFG_LDAP_USE','0'),
('26','CFG_LDAP_SERVER_NAME',''),
('27','CFG_LDAP_SERVER_PORT',''),
('28','CFG_LDAP_BASE_DN',''),
('29','CFG_LDAP_UID',''),
('30','CFG_LDAP_USER',''),
('31','CFG_LDAP_EMAIL_ATTRIBUTE',''),
('32','CFG_LDAP_USER_DN',''),
('33','CFG_LDAP_PASSWORD',''),
('34','CFG_LOGIN_PAGE_HEADING',''),
('35','CFG_LOGIN_PAGE_CONTENT',''),
('36','CFG_APP_TIMEZONE','Asia/Pontianak'),
('37','CFG_APP_DATE_FORMAT','m/d/Y'),
('38','CFG_APP_DATETIME_FORMAT','m/d/Y H:i'),
('39','CFG_APP_ROWS_PER_PAGE','10'),
('40','CFG_REGISTRATION_EMAIL_SUBJECT',''),
('41','CFG_REGISTRATION_EMAIL_BODY',''),
('42','CFG_PASSWORD_MIN_LENGTH','5'),
('43','CFG_APP_LANGUAGE','indonesian.php'),
('44','CFG_APP_SKIN','Dark_Mode'),
('45','CFG_PUBLIC_USER_PROFILE_FIELDS',''),
('46','CFG_APP_SHORT_NAME_MOBILE','IT Tools Management'),
('47','CFG_APP_LOGO_URL',''),
('48','CFG_APP_FAVICON','app_favicon_1691459371.ico'),
('49','CFG_APP_COPYRIGHT_NAME','dimensinetwork.com'),
('50','CFG_APP_NUMBER_FORMAT','2/./*'),
('51','CFG_APP_FIRST_DAY_OF_WEEK','1'),
('52','CFG_DROP_DOWN_MENU_ON_HOVER','0'),
('53','CFG_DISABLE_CHECK_FOR_UPDATES','1'),
('54','CFG_MAINTENANCE_MODE','0'),
('55','CFG_MAINTENANCE_MESSAGE_HEADING','Sedang dalam pengembangan'),
('56','CFG_MAINTENANCE_MESSAGE_CONTENT',''),
('57','CFG_APP_LOGIN_MAINTENANCE_BACKGROUND',''),
('58','CFG_APP_LOGIN_PAGE_BACKGROUND','app_bg_1730426366.jpg'),
('59','CFG_APP_LOGIN_PAGE_BACKGROUND_MOBILE','app_bg_1730426366.jpg'),
('60','CFG_LOGIN_PAGE_HIDE_REMEMBER_ME','0'),
('61','CFG_APP_DISPLAY_USER_NAME_ORDER','firstname_lastname'),
('62','CFG_IS_STRONG_PASSWORD','0'),
('63','CFG_ALLOW_CHANGE_USERNAME','0'),
('64','CFG_ALLOW_REGISTRATION_WITH_THE_SAME_EMAIL','0'),
('65','CFG_APP_DISABLE_CHANGE_PWD','4'),
('66','CFG_ENABLE_MULTIPLE_ACCESS_GROUPS','0'),
('67','CFG_DISPLAY_USER_GROUP_IN_MENU','0'),
('68','CFG_MAINTENANCE_ALLOW_LOGIN_FOR_USERS','2');

CREATE TABLE IF NOT EXISTS `app_custom_php` (
  `id` int(11) NOT NULL AUTO_INCREMENT,
  `parent_id` int(11) NOT NULL,
  `is_active` tinyint(1) NOT NULL,
  `is_folder` tinyint(1) NOT NULL,
  `name` varchar(255) NOT NULL,
  `code` longtext NOT NULL,
  `notes` text NOT NULL,
  `sort_order` int(11) NOT NULL,
  PRIMARY KEY (`id`),
  KEY `idx_parent_id` (`parent_id`)
) ENGINE=InnoDB DEFAULT CHARSET=utf8mb4 COLLATE=utf8mb4_general_ci;

CREATE TABLE IF NOT EXISTS `app_dashboard_pages` (
  `id` int(11) NOT NULL AUTO_INCREMENT,
  `created_by` int(11) NOT NULL,
  `sections_id` int(11) NOT NULL,
  `type` varchar(16) NOT NULL,
  `is_active` tinyint(1) NOT NULL,
  `name` varchar(255) NOT NULL,
  `icon` varchar(64) NOT NULL,
  `description` text NOT NULL,
  `color` varchar(16) NOT NULL,
  `users_fields` text NOT NULL,
  `users_groups` text NOT NULL,
  `sort_order` int(11) NOT NULL,
  PRIMARY KEY (`id`),
  KEY `idx_created_by` (`created_by`),
  KEY `idx_sections_id` (`sections_id`)
) ENGINE=InnoDB AUTO_INCREMENT=3 DEFAULT CHARSET=utf8mb4 COLLATE=utf8mb4_general_ci;

INSERT INTO app_dashboard_pages VALUES
('1','1','0','page','1','Dashboard','fa-dashboard','','default','','0,6,4','1'),
('2','1','0','page','0','Informasi','','Fitur sederhana saat ini telah dilakukan perubahan penyusunan menu dari versi sebelumnya','success','','0,4','1');

CREATE TABLE IF NOT EXISTS `app_dashboard_pages_sections` (
  `id` int(11) NOT NULL AUTO_INCREMENT,
  `name` varchar(255) NOT NULL,
  `grid` tinyint(1) NOT NULL,
  `sort_order` smallint(6) NOT NULL,
  PRIMARY KEY (`id`)
) ENGINE=InnoDB DEFAULT CHARSET=utf8mb4 COLLATE=utf8mb4_general_ci;

CREATE TABLE IF NOT EXISTS `app_emails_on_schedule` (
  `id` int(11) NOT NULL AUTO_INCREMENT,
  `date_added` bigint(20) unsigned NOT NULL,
  `email_to` varchar(255) NOT NULL,
  `email_to_name` varchar(255) NOT NULL,
  `email_subject` varchar(255) NOT NULL,
  `email_body` text NOT NULL,
  `email_from` varchar(255) NOT NULL,
  `email_from_name` varchar(255) NOT NULL,
  `email_attachments` text NOT NULL,
  PRIMARY KEY (`id`)
) ENGINE=InnoDB DEFAULT CHARSET=utf8mb4 COLLATE=utf8mb4_general_ci;

CREATE TABLE IF NOT EXISTS `app_entities` (
  `id` int(11) NOT NULL AUTO_INCREMENT,
  `parent_id` int(11) NOT NULL,
  `group_id` int(11) NOT NULL,
  `name` varchar(64) NOT NULL,
  `notes` text NOT NULL,
  `display_in_menu` tinyint(1) DEFAULT 0,
  `sort_order` int(11) NOT NULL,
  PRIMARY KEY (`id`),
  KEY `idx_group_id` (`group_id`)
) ENGINE=InnoDB AUTO_INCREMENT=46 DEFAULT CHARSET=utf8mb4 COLLATE=utf8mb4_general_ci;

INSERT INTO app_entities VALUES
('1','0','0','Pengguna','','0','10'),
('30','0','1','Kategori Aset','','0','30'),
('31','0','1','Merek Aset','','0','31'),
('32','0','1','Model Aset','','0','32'),
('33','0','1','Pengguna Aset','','0','33'),
('34','0','1','Unit Pengguna','','0','33'),
('35','0','0','Kegiatan Harian','','0','29'),
('36','0','0','Daftar Aset','','0','10'),
('38','36','0','Pemeliharaan Rutin','','1','2'),
('39','36','0','Riwayat Aset','','1','3'),
('40','36','0','Kalibrasi Aset','','1','4'),
('41','0','0','Master Barang','','0','0'),
('42','0','0','Stok Barang','','0','0'),
('43','0','1','Cabang Perusahaan','','0','0'),
('44','36','0','Peminjaman Barang','','1','1'),
('45','0','0','Ticketing','','0','0');

CREATE TABLE IF NOT EXISTS `app_entities_access` (
  `id` int(11) NOT NULL AUTO_INCREMENT,
  `entities_id` int(11) NOT NULL,
  `access_groups_id` int(11) NOT NULL,
  `access_schema` text NOT NULL,
  PRIMARY KEY (`id`),
  KEY `idx_entities_id` (`entities_id`),
  KEY `idx_access_groups_id` (`access_groups_id`)
) ENGINE=InnoDB AUTO_INCREMENT=119 DEFAULT CHARSET=utf8mb4 COLLATE=utf8mb4_general_ci;

INSERT INTO app_entities_access VALUES
('40','25','6',''),
('41','25','5',''),
('42','25','4',''),
('43','26','6',''),
('44','26','5',''),
('45','26','4',''),
('46','27','6',''),
('47','27','5',''),
('48','27','4',''),
('49','28','6',''),
('50','28','5',''),
('51','28','4',''),
('52','29','6',''),
('53','29','5',''),
('54','29','4',''),
('55','1','6',''),
('56','1','5',''),
('57','1','4','view,create,update,delete,delete_selected,export,export_selected,import,reports'),
('58','35','6',''),
('59','35','5',''),
('60','35','4','view,create,update,delete,delete_selected,export,export_selected,import,reports'),
('61','31','6',''),
('62','31','5',''),
('63','31','4','view,create,update,delete,delete_selected,export,export_selected,import,reports'),
('64','32','6',''),
('65','32','5',''),
('66','32','4','view,create,update,delete,delete_selected,export,export_selected,import,reports'),
('67','33','6',''),
('68','33','5',''),
('69','33','4','view,create,update,delete,delete_selected,export,export_selected,import,reports'),
('70','34','6',''),
('71','34','5',''),
('72','34','4','view,create,update,delete,delete_selected,export,export_selected,import,reports'),
('76','36','6',''),
('77','36','5',''),
('78','36','4','view,create,update,delete,delete_selected,export,export_selected,import,reports'),
('79','38','6',''),
('80','38','5',''),
('81','38','4','view,create,update,delete,delete_selected,export,export_selected,import,reports'),
('82','39','6',''),
('83','39','5',''),
('84','39','4','view,create,update,delete,delete_selected,export,export_selected,import,reports'),
('85','40','6',''),
('86','40','5',''),
('87','40','4','view,create,update,delete,delete_selected,export,export_selected,import,reports'),
('88','41','6',''),
('89','41','5',''),
('90','41','4','view,create,update,delete,delete_selected,export,export_selected,import,reports'),
('91','42','6',''),
('92','42','5',''),
('93','42','4','view,create,update,delete,delete_selected,export,export_selected,import,reports'),
('94','43','6',''),
('95','43','5',''),
('96','43','4','view,create,update,delete,delete_selected,export,export_selected,import,reports'),
('97','41','12','view,reports'),
('98','36','12','view,export,export_selected,reports'),
('100','38','12','view,create,export,export_selected,reports'),
('101','35','12','view,export,export_selected,reports'),
('102','43','12','view'),
('103','30','6',''),
('104','30','12','view'),
('105','30','5',''),
('106','30','4','view,create,update,delete,export,export_selected,reports'),
('107','31','12','view'),
('108','32','12','view'),
('109','33','12','view'),
('110','34','12','view'),
('111','44','6',''),
('112','44','12','view,create,update,export,export_selected,reports'),
('113','44','5',''),
('114','44','4','view,create,update,export,export_selected,reports'),
('115','45','6','view_assigned,create,reports,view'),
('116','45','12','view,reports'),
('117','45','5',''),
('118','45','4','view,create,update,delete,delete_selected,export,export_selected,import,reports');

CREATE TABLE IF NOT EXISTS `app_entities_configuration` (
  `id` int(11) NOT NULL AUTO_INCREMENT,
  `entities_id` int(11) NOT NULL,
  `configuration_name` varchar(255) NOT NULL,
  `configuration_value` text NOT NULL,
  PRIMARY KEY (`id`),
  KEY `idx_entities_id` (`entities_id`)
) ENGINE=InnoDB AUTO_INCREMENT=787 DEFAULT CHARSET=utf8mb4 COLLATE=utf8mb4_general_ci;

INSERT INTO app_entities_configuration VALUES
('11','1','menu_title','Pengguna'),
('12','1','listing_heading','Daftar Pengguna'),
('13','1','window_heading','Info Pengguna'),
('14','1','insert_button','Tambah'),
('15','1','use_comments','0'),
('57','25','menu_title','Aset'),
('58','25','menu_icon','fa-desktop'),
('59','25','menu_icon_color',''),
('60','25','menu_bg_color',''),
('61','25','window_heading','Aset'),
('62','25','window_width',''),
('63','25','listing_heading','Daftar Aset'),
('64','25','insert_button','Tambah'),
('65','25','reports_hide_insert_button','0'),
('66','25','listing_debug_mode','0'),
('67','25','email_subject_new_item',''),
('68','25','email_subject_updated_item',''),
('69','25','disable_notification','0'),
('70','25','disable_internal_notification','0'),
('71','25','disable_highlight_unread','0'),
('72','25','use_comments','0'),
('73','25','comments_listing_type','table'),
('74','25','comments_listing_heading',''),
('75','25','comments_insert_button',''),
('76','25','comments_window_heading',''),
('77','25','display_comments_id','1'),
('78','25','display_last_comment_in_listing','1'),
('79','25','number_characters_in_comments_list',''),
('80','25','use_editor_in_comments','0'),
('81','25','disable_attachments_in_comments','1'),
('82','25','disable_avatar_in_comments','0'),
('83','25','image_preview_in_comments','0'),
('84','25','email_subject_new_comment',''),
('85','25','send_notification_to_assigned','0'),
('86','25','redirect_after_adding','listing'),
('87','25','redirect_after_click_heading','subentity'),
('88','29','menu_title','Kalibrasi Aset'),
('89','29','menu_icon','fa-tasks'),
('90','29','menu_icon_color',''),
('91','29','menu_bg_color',''),
('92','29','window_heading','Kalibrasi Aset'),
('93','29','window_width',''),
('94','29','listing_heading','Daftar Kalibrasi Aset'),
('95','29','insert_button','Tambah'),
('96','29','reports_hide_insert_button','0'),
('97','29','listing_debug_mode','0'),
('98','29','email_subject_new_item',''),
('99','29','email_subject_updated_item',''),
('100','29','disable_notification','0'),
('101','29','disable_internal_notification','0'),
('102','29','disable_highlight_unread','0'),
('103','29','use_comments','0'),
('104','29','comments_listing_type','table'),
('105','29','comments_listing_heading',''),
('106','29','comments_insert_button',''),
('107','29','comments_window_heading',''),
('108','29','display_comments_id','1'),
('109','29','display_last_comment_in_listing','1'),
('110','29','number_characters_in_comments_list',''),
('111','29','use_editor_in_comments','0'),
('112','29','disable_attachments_in_comments','1'),
('113','29','disable_avatar_in_comments','0'),
('114','29','image_preview_in_comments','0'),
('115','29','email_subject_new_comment',''),
('116','29','send_notification_to_assigned','0'),
('117','29','redirect_after_adding','subentity'),
('118','29','redirect_after_click_heading','subentity'),
('119','26','menu_title','Ticketing'),
('120','26','menu_icon','fa-ticket'),
('121','26','menu_icon_color',''),
('122','26','menu_bg_color',''),
('123','26','window_heading','Ticketing'),
('124','26','window_width',''),
('125','26','listing_heading','Daftar Ticketing'),
('126','26','insert_button',''),
('127','26','reports_hide_insert_button','0'),
('128','26','listing_debug_mode','0'),
('129','26','email_subject_new_item',''),
('130','26','email_subject_updated_item',''),
('131','26','disable_notification','0'),
('132','26','disable_internal_notification','0'),
('133','26','disable_highlight_unread','0'),
('134','26','use_comments','0'),
('135','26','comments_listing_type','table'),
('136','26','comments_listing_heading',''),
('137','26','comments_insert_button',''),
('138','26','comments_window_heading',''),
('139','26','display_comments_id','1'),
('140','26','display_last_comment_in_listing','1'),
('141','26','number_characters_in_comments_list',''),
('142','26','use_editor_in_comments','0'),
('143','26','disable_attachments_in_comments','1'),
('144','26','disable_avatar_in_comments','0'),
('145','26','image_preview_in_comments','0'),
('146','26','email_subject_new_comment',''),
('147','26','send_notification_to_assigned','0'),
('148','26','redirect_after_adding','subentity'),
('149','26','redirect_after_click_heading','subentity'),
('150','27','menu_title','Pemeliharaan Rutin'),
('151','27','menu_icon','fa-tasks');

INSERT INTO app_entities_configuration VALUES
('152','27','menu_icon_color',''),
('153','27','menu_bg_color',''),
('154','27','window_heading','Pemeliharaan Rutin'),
('155','27','window_width',''),
('156','27','listing_heading','Daftar Pemeliharaan Rutin'),
('157','27','insert_button','Tambah'),
('158','27','reports_hide_insert_button','0'),
('159','27','listing_debug_mode','0'),
('160','27','email_subject_new_item',''),
('161','27','email_subject_updated_item',''),
('162','27','disable_notification','0'),
('163','27','disable_internal_notification','0'),
('164','27','disable_highlight_unread','0'),
('165','27','use_comments','0'),
('166','27','comments_listing_type','table'),
('167','27','comments_listing_heading',''),
('168','27','comments_insert_button',''),
('169','27','comments_window_heading',''),
('170','27','display_comments_id','1'),
('171','27','display_last_comment_in_listing','1'),
('172','27','number_characters_in_comments_list',''),
('173','27','use_editor_in_comments','0'),
('174','27','disable_attachments_in_comments','1'),
('175','27','disable_avatar_in_comments','0'),
('176','27','image_preview_in_comments','0'),
('177','27','email_subject_new_comment',''),
('178','27','send_notification_to_assigned','0'),
('179','27','redirect_after_adding','subentity'),
('180','27','redirect_after_click_heading','subentity'),
('181','28','menu_title','Riwayat Aset'),
('182','28','menu_icon','fa-tasks'),
('183','28','menu_icon_color',''),
('184','28','menu_bg_color',''),
('185','28','window_heading','Riwayat Aset'),
('186','28','window_width',''),
('187','28','listing_heading','Daftar Riwayat Aset'),
('188','28','insert_button','Tambah'),
('189','28','reports_hide_insert_button','0'),
('190','28','listing_debug_mode','0'),
('191','28','email_subject_new_item',''),
('192','28','email_subject_updated_item',''),
('193','28','disable_notification','0'),
('194','28','disable_internal_notification','0'),
('195','28','disable_highlight_unread','0'),
('196','28','use_comments','0'),
('197','28','comments_listing_type','table'),
('198','28','comments_listing_heading',''),
('199','28','comments_insert_button',''),
('200','28','comments_window_heading',''),
('201','28','display_comments_id','1'),
('202','28','display_last_comment_in_listing','1'),
('203','28','number_characters_in_comments_list',''),
('204','28','use_editor_in_comments','0'),
('205','28','disable_attachments_in_comments','1'),
('206','28','disable_avatar_in_comments','0'),
('207','28','image_preview_in_comments','0'),
('208','28','email_subject_new_comment',''),
('209','28','send_notification_to_assigned','0'),
('210','28','redirect_after_adding','subentity'),
('211','28','redirect_after_click_heading','subentity'),
('212','25','editable_fields_in_listing','1'),
('213','25','disable_listing_fields_configuration','6'),
('214','25','is_form_wizard','1'),
('215','25','is_form_wizard_progress_bar','1'),
('216','26','is_form_wizard','1'),
('217','26','is_form_wizard_progress_bar','1'),
('218','27','is_form_wizard','0'),
('219','27','is_form_wizard_progress_bar','0'),
('220','27','disable_listing_fields_configuration','6'),
('221','27','editable_fields_in_listing','1'),
('222','26','editable_fields_in_listing','1'),
('223','28','editable_fields_in_listing','1'),
('224','28','disable_listing_fields_configuration','6'),
('225','29','disable_listing_fields_configuration','6'),
('226','29','editable_fields_in_listing','1'),
('227','30','menu_title','Kategori Aset'),
('228','30','menu_icon',''),
('229','30','menu_icon_color',''),
('230','30','menu_bg_color',''),
('231','30','window_heading','Kategori Aset'),
('232','30','window_width',''),
('233','30','listing_heading','Dafrtar Kategori Aset'),
('234','30','insert_button','Tambah'),
('235','30','reports_hide_insert_button','0'),
('236','30','listing_debug_mode','0'),
('237','30','email_subject_new_item',''),
('238','30','email_subject_updated_item',''),
('239','30','disable_notification','0'),
('240','30','disable_internal_notification','0'),
('241','30','disable_highlight_unread','0'),
('242','30','use_comments','0'),
('243','30','comments_listing_type','table'),
('244','30','comments_listing_heading',''),
('245','30','comments_insert_button',''),
('246','30','comments_window_heading',''),
('247','30','display_comments_id','1'),
('248','30','display_last_comment_in_listing','1'),
('249','30','number_characters_in_comments_list',''),
('250','30','use_editor_in_comments','0'),
('251','30','disable_attachments_in_comments','1');

INSERT INTO app_entities_configuration VALUES
('252','30','disable_avatar_in_comments','0'),
('253','30','image_preview_in_comments','0'),
('254','30','email_subject_new_comment',''),
('255','30','send_notification_to_assigned','0'),
('256','30','redirect_after_adding','listing'),
('257','30','redirect_after_click_heading','subentity'),
('258','30','disable_listing_fields_configuration','6'),
('259','30','editable_fields_in_listing','1'),
('260','31','menu_title','Merek Aset'),
('261','31','menu_icon',''),
('262','31','menu_icon_color',''),
('263','31','menu_bg_color',''),
('264','31','window_heading','Merek Aset'),
('265','31','window_width',''),
('266','31','listing_heading','Daftar Merek Aset'),
('267','31','insert_button','Tambah'),
('268','31','reports_hide_insert_button','0'),
('269','31','listing_debug_mode','0'),
('270','31','email_subject_new_item',''),
('271','31','email_subject_updated_item',''),
('272','31','disable_notification','0'),
('273','31','disable_internal_notification','0'),
('274','31','disable_highlight_unread','0'),
('275','31','use_comments','0'),
('276','31','comments_listing_type','table'),
('277','31','comments_listing_heading',''),
('278','31','comments_insert_button',''),
('279','31','comments_window_heading',''),
('280','31','display_comments_id','1'),
('281','31','display_last_comment_in_listing','1'),
('282','31','number_characters_in_comments_list',''),
('283','31','use_editor_in_comments','0'),
('284','31','disable_attachments_in_comments','1'),
('285','31','disable_avatar_in_comments','0'),
('286','31','image_preview_in_comments','0'),
('287','31','email_subject_new_comment',''),
('288','31','send_notification_to_assigned','0'),
('289','31','redirect_after_adding','subentity'),
('290','31','redirect_after_click_heading','subentity'),
('291','31','disable_listing_fields_configuration','6'),
('292','31','editable_fields_in_listing','1'),
('293','32','menu_title','Model Aset'),
('294','32','menu_icon',''),
('295','32','menu_icon_color',''),
('296','32','menu_bg_color',''),
('297','32','window_heading','Model Aset'),
('298','32','window_width',''),
('299','32','listing_heading','Daftar Model Aset'),
('300','32','insert_button','Tambah'),
('301','32','reports_hide_insert_button','0'),
('302','32','listing_debug_mode','0'),
('303','32','email_subject_new_item',''),
('304','32','email_subject_updated_item',''),
('305','32','disable_notification','0'),
('306','32','disable_internal_notification','0'),
('307','32','disable_highlight_unread','0'),
('308','32','use_comments','0'),
('309','32','comments_listing_type','table'),
('310','32','comments_listing_heading',''),
('311','32','comments_insert_button',''),
('312','32','comments_window_heading',''),
('313','32','display_comments_id','1'),
('314','32','display_last_comment_in_listing','1'),
('315','32','number_characters_in_comments_list',''),
('316','32','use_editor_in_comments','0'),
('317','32','disable_attachments_in_comments','1'),
('318','32','disable_avatar_in_comments','0'),
('319','32','image_preview_in_comments','0'),
('320','32','email_subject_new_comment',''),
('321','32','send_notification_to_assigned','0'),
('322','32','redirect_after_adding','subentity'),
('323','32','redirect_after_click_heading','subentity'),
('324','32','disable_listing_fields_configuration','6'),
('325','32','editable_fields_in_listing','1'),
('326','33','menu_title','Pengguna Aset'),
('327','33','menu_icon',''),
('328','33','menu_icon_color',''),
('329','33','menu_bg_color',''),
('330','33','window_heading','Pengguna Aset'),
('331','33','window_width',''),
('332','33','listing_heading','Daftar Pengguna Aset'),
('333','33','insert_button','Tambah'),
('334','33','reports_hide_insert_button','0'),
('335','33','listing_debug_mode','0'),
('336','33','email_subject_new_item',''),
('337','33','email_subject_updated_item',''),
('338','33','disable_notification','0'),
('339','33','disable_internal_notification','0'),
('340','33','disable_highlight_unread','0'),
('341','33','use_comments','0'),
('342','33','comments_listing_type','table'),
('343','33','comments_listing_heading',''),
('344','33','comments_insert_button',''),
('345','33','comments_window_heading',''),
('346','33','display_comments_id','1'),
('347','33','display_last_comment_in_listing','1'),
('348','33','number_characters_in_comments_list',''),
('349','33','use_editor_in_comments','0'),
('350','33','disable_attachments_in_comments','1'),
('351','33','disable_avatar_in_comments','0');

INSERT INTO app_entities_configuration VALUES
('352','33','image_preview_in_comments','0'),
('353','33','email_subject_new_comment',''),
('354','33','send_notification_to_assigned','0'),
('355','33','redirect_after_adding','subentity'),
('356','33','redirect_after_click_heading','subentity'),
('357','33','disable_listing_fields_configuration','6'),
('358','33','editable_fields_in_listing','1'),
('359','34','menu_title','Unit Pengguna'),
('360','34','menu_icon',''),
('361','34','menu_icon_color',''),
('362','34','menu_bg_color',''),
('363','34','window_heading','Unit Pengguna'),
('364','34','window_width',''),
('365','34','listing_heading','Daftar Unit Pengguna'),
('366','34','insert_button','Tambah'),
('367','34','reports_hide_insert_button','0'),
('368','34','listing_debug_mode','0'),
('369','34','email_subject_new_item',''),
('370','34','email_subject_updated_item',''),
('371','34','disable_notification','0'),
('372','34','disable_internal_notification','0'),
('373','34','disable_highlight_unread','0'),
('374','34','use_comments','0'),
('375','34','comments_listing_type','table'),
('376','34','comments_listing_heading',''),
('377','34','comments_insert_button',''),
('378','34','comments_window_heading',''),
('379','34','display_comments_id','1'),
('380','34','display_last_comment_in_listing','1'),
('381','34','number_characters_in_comments_list',''),
('382','34','use_editor_in_comments','0'),
('383','34','disable_attachments_in_comments','1'),
('384','34','disable_avatar_in_comments','0'),
('385','34','image_preview_in_comments','0'),
('386','34','email_subject_new_comment',''),
('387','34','send_notification_to_assigned','0'),
('388','34','redirect_after_adding','subentity'),
('389','34','redirect_after_click_heading','subentity'),
('390','34','disable_listing_fields_configuration','6'),
('391','34','editable_fields_in_listing','1'),
('392','1','menu_icon',''),
('393','1','menu_icon_color',''),
('394','1','menu_bg_color',''),
('395','1','window_width',''),
('396','1','reports_hide_insert_button','0'),
('397','1','listing_debug_mode','0'),
('398','1','email_subject_new_item',''),
('399','1','email_subject_updated_item',''),
('400','1','disable_notification','0'),
('401','1','disable_internal_notification','0'),
('402','1','disable_highlight_unread','0'),
('403','1','comments_listing_type','table'),
('404','1','comments_listing_heading',''),
('405','1','comments_insert_button',''),
('406','1','comments_window_heading',''),
('407','1','display_comments_id','1'),
('408','1','display_last_comment_in_listing','1'),
('409','1','number_characters_in_comments_list',''),
('410','1','use_editor_in_comments','0'),
('411','1','disable_attachments_in_comments','1'),
('412','1','disable_avatar_in_comments','0'),
('413','1','image_preview_in_comments','0'),
('414','1','email_subject_new_comment',''),
('415','1','send_notification_to_assigned','0'),
('416','1','redirect_after_adding','subentity'),
('417','1','redirect_after_click_heading','subentity'),
('418','35','menu_title','Kegiatan Harian'),
('419','35','menu_icon','fa-tasks'),
('420','35','menu_icon_color',''),
('421','35','menu_bg_color',''),
('422','35','window_heading','Info Kegiatan Harian'),
('423','35','window_width',''),
('424','35','listing_heading','Daftar Kegiatan Harian'),
('425','35','insert_button','Tambah'),
('426','35','reports_hide_insert_button','1'),
('427','35','listing_debug_mode','0'),
('428','35','email_subject_new_item',''),
('429','35','email_subject_updated_item',''),
('430','35','disable_notification','0'),
('431','35','disable_internal_notification','0'),
('432','35','disable_highlight_unread','0'),
('433','35','use_comments','0'),
('434','35','comments_listing_type','table'),
('435','35','comments_listing_heading',''),
('436','35','comments_insert_button',''),
('437','35','comments_window_heading',''),
('438','35','display_comments_id','1'),
('439','35','display_last_comment_in_listing','1'),
('440','35','number_characters_in_comments_list',''),
('441','35','use_editor_in_comments','0'),
('442','35','disable_attachments_in_comments','1'),
('443','35','disable_avatar_in_comments','0'),
('444','35','image_preview_in_comments','0'),
('445','35','email_subject_new_comment',''),
('446','35','send_notification_to_assigned','0'),
('447','35','redirect_after_adding','subentity'),
('448','35','redirect_after_click_heading','subentity'),
('449','36','menu_title','Daftar Aset'),
('450','36','menu_icon','fa-desktop'),
('451','36','menu_icon_color','');

INSERT INTO app_entities_configuration VALUES
('452','36','menu_bg_color',''),
('453','36','window_heading','Daftar Aset'),
('454','36','window_width',''),
('455','36','listing_heading','Daftar Aset'),
('456','36','insert_button',''),
('457','36','reports_hide_insert_button','0'),
('458','36','listing_debug_mode','0'),
('459','36','email_subject_new_item',''),
('460','36','email_subject_updated_item',''),
('461','36','disable_notification','0'),
('462','36','disable_internal_notification','0'),
('463','36','disable_highlight_unread','0'),
('464','36','use_comments','0'),
('465','36','comments_listing_type','table'),
('466','36','comments_listing_heading',''),
('467','36','comments_insert_button',''),
('468','36','comments_window_heading',''),
('469','36','display_comments_id','1'),
('470','36','display_last_comment_in_listing','1'),
('471','36','number_characters_in_comments_list',''),
('472','36','use_editor_in_comments','0'),
('473','36','disable_attachments_in_comments','1'),
('474','36','disable_avatar_in_comments','0'),
('475','36','image_preview_in_comments','0'),
('476','36','email_subject_new_comment',''),
('477','36','send_notification_to_assigned','0'),
('478','36','redirect_after_adding','listing'),
('479','36','redirect_after_click_heading','subentity'),
('480','36','is_form_wizard','1'),
('481','36','is_form_wizard_progress_bar','1'),
('513','38','menu_title','Pemeliharaan'),
('514','38','menu_icon',''),
('515','38','menu_icon_color',''),
('516','38','menu_bg_color',''),
('517','38','window_heading','Pemeliharaan'),
('518','38','window_width',''),
('519','38','listing_heading','Daftar Pemeliharaan'),
('520','38','insert_button',''),
('521','38','reports_hide_insert_button','1'),
('522','38','listing_debug_mode','0'),
('523','38','email_subject_new_item',''),
('524','38','email_subject_updated_item',''),
('525','38','disable_notification','0'),
('526','38','disable_internal_notification','0'),
('527','38','disable_highlight_unread','0'),
('528','38','use_comments','0'),
('529','38','comments_listing_type','table'),
('530','38','comments_listing_heading',''),
('531','38','comments_insert_button',''),
('532','38','comments_window_heading',''),
('533','38','display_comments_id','1'),
('534','38','display_last_comment_in_listing','1'),
('535','38','number_characters_in_comments_list',''),
('536','38','use_editor_in_comments','0'),
('537','38','disable_attachments_in_comments','1'),
('538','38','disable_avatar_in_comments','0'),
('539','38','image_preview_in_comments','0'),
('540','38','email_subject_new_comment',''),
('541','38','send_notification_to_assigned','0'),
('542','38','redirect_after_adding','subentity'),
('543','38','redirect_after_click_heading','subentity'),
('544','39','menu_title','Riwayat Aset'),
('545','39','menu_icon',''),
('546','39','menu_icon_color',''),
('547','39','menu_bg_color',''),
('548','39','window_heading','Riwayat Aset'),
('549','39','window_width',''),
('550','39','listing_heading','Daftar Riwayat'),
('551','39','insert_button',''),
('552','39','reports_hide_insert_button','0'),
('553','39','listing_debug_mode','0'),
('554','39','email_subject_new_item',''),
('555','39','email_subject_updated_item',''),
('556','39','disable_notification','0'),
('557','39','disable_internal_notification','0'),
('558','39','disable_highlight_unread','0'),
('559','39','use_comments','0'),
('560','39','comments_listing_type','table'),
('561','39','comments_listing_heading',''),
('562','39','comments_insert_button',''),
('563','39','comments_window_heading',''),
('564','39','display_comments_id','1'),
('565','39','display_last_comment_in_listing','1'),
('566','39','number_characters_in_comments_list',''),
('567','39','use_editor_in_comments','0'),
('568','39','disable_attachments_in_comments','1'),
('569','39','disable_avatar_in_comments','0'),
('570','39','image_preview_in_comments','0'),
('571','39','email_subject_new_comment',''),
('572','39','send_notification_to_assigned','0'),
('573','39','redirect_after_adding','subentity'),
('574','39','redirect_after_click_heading','subentity'),
('577','36','editable_fields_in_listing','1'),
('578','41','menu_title','Master Barang'),
('579','41','menu_icon','fa-stack-overflow '),
('580','41','menu_icon_color',''),
('581','41','menu_bg_color',''),
('582','41','window_heading','Master Barang'),
('583','41','window_width',''),
('584','41','listing_heading','Daftar Master Barang');

INSERT INTO app_entities_configuration VALUES
('585','41','insert_button',''),
('586','41','reports_hide_insert_button','0'),
('587','41','listing_debug_mode','0'),
('588','41','email_subject_new_item',''),
('589','41','email_subject_updated_item',''),
('590','41','disable_notification','0'),
('591','41','disable_internal_notification','0'),
('592','41','disable_highlight_unread','0'),
('593','41','use_comments','0'),
('594','41','comments_listing_type','table'),
('595','41','comments_listing_heading',''),
('596','41','comments_insert_button',''),
('597','41','comments_window_heading',''),
('598','41','display_comments_id','1'),
('599','41','display_last_comment_in_listing','1'),
('600','41','number_characters_in_comments_list',''),
('601','41','use_editor_in_comments','0'),
('602','41','disable_attachments_in_comments','1'),
('603','41','disable_avatar_in_comments','0'),
('604','41','image_preview_in_comments','0'),
('605','41','email_subject_new_comment',''),
('606','41','send_notification_to_assigned','0'),
('607','41','redirect_after_adding','subentity'),
('608','41','redirect_after_click_heading','subentity'),
('609','41','editable_fields_in_listing','1'),
('610','42','editable_fields_in_listing','1'),
('611','42','menu_title','Stok Barang'),
('612','42','menu_icon','fa-stack-overflow '),
('613','42','menu_icon_color',''),
('614','42','menu_bg_color',''),
('615','42','window_heading','Stok Barang'),
('616','42','window_width',''),
('617','42','listing_heading','Daftar Stok Barang'),
('618','42','insert_button','Input'),
('619','42','reports_hide_insert_button','0'),
('620','42','listing_debug_mode','0'),
('621','42','email_subject_new_item',''),
('622','42','email_subject_updated_item',''),
('623','42','disable_notification','0'),
('624','42','disable_internal_notification','0'),
('625','42','disable_highlight_unread','0'),
('626','42','use_comments','0'),
('627','42','comments_listing_type','table'),
('628','42','comments_listing_heading',''),
('629','42','comments_insert_button',''),
('630','42','comments_window_heading',''),
('631','42','display_comments_id','1'),
('632','42','display_last_comment_in_listing','1'),
('633','42','number_characters_in_comments_list',''),
('634','42','use_editor_in_comments','0'),
('635','42','disable_attachments_in_comments','1'),
('636','42','disable_avatar_in_comments','0'),
('637','42','image_preview_in_comments','0'),
('638','42','email_subject_new_comment',''),
('639','42','send_notification_to_assigned','0'),
('640','42','redirect_after_adding','listing'),
('641','42','redirect_after_click_heading','subentity'),
('642','43','menu_title','Cabang Perusahaan'),
('643','43','menu_icon',''),
('644','43','menu_icon_color',''),
('645','43','menu_bg_color',''),
('646','43','window_heading','Cabang Perusahaan'),
('647','43','window_width',''),
('648','43','listing_heading','Daftar Cabang Perusahaan'),
('649','43','insert_button',''),
('650','43','reports_hide_insert_button','0'),
('651','43','listing_debug_mode','0'),
('652','43','email_subject_new_item',''),
('653','43','email_subject_updated_item',''),
('654','43','disable_notification','0'),
('655','43','disable_internal_notification','0'),
('656','43','disable_highlight_unread','0'),
('657','43','use_comments','0'),
('658','43','comments_listing_type','table'),
('659','43','comments_listing_heading',''),
('660','43','comments_insert_button',''),
('661','43','comments_window_heading',''),
('662','43','display_comments_id','1'),
('663','43','display_last_comment_in_listing','1'),
('664','43','number_characters_in_comments_list',''),
('665','43','use_editor_in_comments','0'),
('666','43','disable_attachments_in_comments','1'),
('667','43','disable_avatar_in_comments','0'),
('668','43','image_preview_in_comments','0'),
('669','43','email_subject_new_comment',''),
('670','43','send_notification_to_assigned','0'),
('671','43','redirect_after_adding','subentity'),
('672','43','redirect_after_click_heading','subentity'),
('673','44','menu_title','Peminjaman Barang'),
('674','44','menu_icon','fa-handshake-o'),
('675','44','menu_icon_color',''),
('676','44','menu_bg_color',''),
('677','44','window_heading','Peminjaman Barang'),
('678','44','window_width',''),
('679','44','listing_heading',''),
('680','44','insert_button',''),
('681','44','reports_hide_insert_button','1'),
('682','44','listing_debug_mode','0'),
('683','44','email_subject_new_item',''),
('684','44','email_subject_updated_item','');

INSERT INTO app_entities_configuration VALUES
('685','44','disable_notification','0'),
('686','44','disable_internal_notification','0'),
('687','44','disable_highlight_unread','0'),
('688','44','use_comments','0'),
('689','44','comments_listing_type','table'),
('690','44','comments_listing_heading',''),
('691','44','comments_insert_button',''),
('692','44','comments_window_heading',''),
('693','44','display_comments_id','1'),
('694','44','display_last_comment_in_listing','1'),
('695','44','number_characters_in_comments_list',''),
('696','44','use_editor_in_comments','0'),
('697','44','disable_attachments_in_comments','1'),
('698','44','disable_avatar_in_comments','0'),
('699','44','image_preview_in_comments','0'),
('700','44','email_subject_new_comment',''),
('701','44','send_notification_to_assigned','0'),
('702','44','redirect_after_adding','subentity'),
('703','44','redirect_after_click_heading','subentity'),
('704','44','editable_fields_in_listing','1'),
('716','36','item_page_columns_size','12-12'),
('717','36','item_page_details_columns','1'),
('718','36','item_page_comments_position','left_column'),
('719','36','enable_favorites','0'),
('720','36','record_info_collapsed','0'),
('721','36','javascript_in_item_page',''),
('722','36','php_in_item_page',''),
('723','36','php_in_item_page_debug_mode','0'),
('724','36','item_page_subentity37_position',''),
('725','36','hide_subentity37_if_empty','0'),
('726','36','item_page_subentity37_heading','Inventori Aset RSIA Kubu Raya'),
('727','36','hide_subentity37_in_top_menu','0'),
('728','36','collapsed_subentity37','0'),
('729','36','display_filter_panel_subentity37','0'),
('730','36','item_page_subentity38_position',''),
('731','36','hide_subentity38_if_empty','0'),
('732','36','item_page_subentity38_heading',''),
('733','36','hide_subentity38_in_top_menu','0'),
('734','36','collapsed_subentity38','0'),
('735','36','display_filter_panel_subentity38','0'),
('736','36','item_page_subentity39_position',''),
('737','36','hide_subentity39_if_empty','0'),
('738','36','item_page_subentity39_heading',''),
('739','36','hide_subentity39_in_top_menu','0'),
('740','36','collapsed_subentity39','0'),
('741','36','display_filter_panel_subentity39','0'),
('742','36','item_page_subentity40_position',''),
('743','36','hide_subentity40_if_empty','0'),
('744','36','item_page_subentity40_heading',''),
('745','36','hide_subentity40_in_top_menu','0'),
('746','36','collapsed_subentity40','0'),
('747','36','display_filter_panel_subentity40','0'),
('748','36','item_page_subentity44_position',''),
('749','36','hide_subentity44_if_empty','0'),
('750','36','item_page_subentity44_heading',''),
('751','36','hide_subentity44_in_top_menu','0'),
('752','36','collapsed_subentity44','0'),
('753','36','display_filter_panel_subentity44','0'),
('754','36','item_page_hidden_fields','346,348'),
('755','45','menu_title','Ticketing'),
('756','45','menu_icon','fa-ticket '),
('757','45','menu_icon_color',''),
('758','45','menu_bg_color',''),
('759','45','window_heading','Ticketing'),
('760','45','window_width',''),
('761','45','listing_heading','Daftar Ticket'),
('762','45','insert_button',''),
('763','45','reports_hide_insert_button','0'),
('764','45','listing_debug_mode','0'),
('765','45','email_subject_new_item',''),
('766','45','email_subject_updated_item',''),
('767','45','disable_notification','0'),
('768','45','disable_internal_notification','0'),
('769','45','disable_highlight_unread','0'),
('770','45','use_comments','0'),
('771','45','comments_listing_type','table'),
('772','45','comments_listing_heading',''),
('773','45','comments_insert_button',''),
('774','45','comments_window_heading',''),
('775','45','display_comments_id','1'),
('776','45','display_last_comment_in_listing','1'),
('777','45','number_characters_in_comments_list',''),
('778','45','use_editor_in_comments','0'),
('779','45','disable_attachments_in_comments','1'),
('780','45','disable_avatar_in_comments','0'),
('781','45','image_preview_in_comments','0'),
('782','45','email_subject_new_comment',''),
('783','45','send_notification_to_assigned','0'),
('784','45','redirect_after_adding','subentity'),
('785','45','redirect_after_click_heading','subentity'),
('786','45','editable_fields_in_listing','1');

CREATE TABLE IF NOT EXISTS `app_entities_groups` (
  `id` int(11) NOT NULL AUTO_INCREMENT,
  `name` varchar(64) NOT NULL,
  `sort_order` smallint(6) NOT NULL,
  PRIMARY KEY (`id`)
) ENGINE=InnoDB AUTO_INCREMENT=2 DEFAULT CHARSET=utf8mb4 COLLATE=utf8mb4_general_ci;

INSERT INTO app_entities_groups VALUES
('1','Master','0');

CREATE TABLE IF NOT EXISTS `app_entities_menu` (
  `id` int(11) NOT NULL AUTO_INCREMENT,
  `parent_id` int(11) NOT NULL,
  `name` varchar(64) NOT NULL,
  `icon` varchar(64) NOT NULL,
  `icon_color` varchar(7) NOT NULL,
  `bg_color` varchar(7) NOT NULL,
  `entities_list` text NOT NULL,
  `reports_list` text NOT NULL,
  `pages_list` text NOT NULL,
  `type` varchar(16) DEFAULT 'entity',
  `url` varchar(255) NOT NULL,
  `users_groups` text NOT NULL,
  `assigned_to` text NOT NULL,
  `sort_order` int(11) NOT NULL,
  PRIMARY KEY (`id`),
  KEY `idx_parent_id` (`parent_id`)
) ENGINE=InnoDB AUTO_INCREMENT=6 DEFAULT CHARSET=utf8mb4 COLLATE=utf8mb4_general_ci;

INSERT INTO app_entities_menu VALUES
('1','0','Master','fa-gear','','','30,31,32,33,34,1,41,43','','','entity','','','','2'),
('2','0','Kegiatan Harian','fa-tasks','','','35','','','entity','','','','0'),
('4','0','Aset','fa-desktop','','','36,44,38,39,40','','','entity','','','','0'),
('5','0','Stok Barang','fa-stack-overflow','','','42','','','entity','','','','0');

CREATE TABLE IF NOT EXISTS `app_entity_1` (
  `id` int(11) NOT NULL AUTO_INCREMENT,
  `client_id` bigint(20) unsigned NOT NULL,
  `parent_id` int(11) NOT NULL DEFAULT 0,
  `parent_item_id` int(11) NOT NULL DEFAULT 0,
  `linked_id` int(11) NOT NULL DEFAULT 0,
  `date_added` bigint(20) NOT NULL DEFAULT 0,
  `date_updated` bigint(20) NOT NULL DEFAULT 0,
  `created_by` int(11) DEFAULT NULL,
  `sort_order` int(11) NOT NULL DEFAULT 0,
  `password` varchar(255) NOT NULL,
  `multiple_access_groups` varchar(64) NOT NULL,
  `is_email_verified` tinyint(1) NOT NULL DEFAULT 1,
  `field_5` tinyint(1) NOT NULL,
  `field_6` int(11) NOT NULL,
  `field_7` varchar(255) NOT NULL,
  `field_8` varchar(255) NOT NULL,
  `field_9` varchar(255) NOT NULL,
  `field_10` varchar(255) NOT NULL,
  `field_12` varchar(255) NOT NULL,
  `field_13` varchar(64) NOT NULL,
  `field_14` varchar(64) NOT NULL,
  `field_201` int(11) NOT NULL,
  PRIMARY KEY (`id`),
  KEY `idx_parent_id` (`parent_id`),
  KEY `idx_parent_item_id` (`parent_item_id`),
  KEY `idx_client_id` (`client_id`)
) ENGINE=InnoDB AUTO_INCREMENT=8 DEFAULT CHARSET=utf8mb4 COLLATE=utf8mb4_general_ci;

INSERT INTO app_entity_1 VALUES
('1','7917951','0','0','0','1691459089','0',NULL,'0','$P$ETybz6v0aEIvHooYhR8J2zOp8j6cc91','','1','1','0','System','Administrator','admin@dimensinetwork.com','','adminit','indonesian.php','blue','1731137733'),
('2','3498922','0','0','0','1691462384','1691462539','1','0','$P$EMRBkRTAYoAkIKIKGVG0Yl3xqtQFP/0','','1','1','4','Admin','System','admin@gmail.com','','admin','indonesian.php','','1731136694'),
('3','9649303','0','0','0','1691464407','1691464474','1','0','$P$EqaiT1O4LiDrhSRThKxL/wnCxoyYQU0','','1','1','4','Admin1','System','admin1@gmail.com','','admin1','indonesian.php','','0'),
('5','8854585','0','0','0','1729634411','0','1','0','$P$E/KyjazJeb6SB5H8FgZKoxrk77u.Dw0','','1','1','12','Supervisor','Supervisor','supervisor098@gmail.com','','Supervisor','indonesian.php','','1730767850'),
('6','4511116','0','0','0','1730443101','0','2','0','$P$EPN9x6d5FprROilS/vZpTuW.WTuKSH0','','1','1','6','coba','lagi','coba@yahoo.com','','coba','english.php','','1730443122'),
('7','1606707','0','0','0','1730446235','0','1','0','$P$EG1m0EHpI36/mvvtFdWkpKp6QIl3i2/','','1','1','6','Pengguna','User','user@gmail.com','','user','indonesian.php','','1731122022');

CREATE TABLE IF NOT EXISTS `app_entity_1_values` (
  `id` int(11) NOT NULL AUTO_INCREMENT,
  `items_id` int(11) NOT NULL,
  `fields_id` int(11) NOT NULL,
  `value` int(11) NOT NULL,
  PRIMARY KEY (`id`),
  KEY `idx_items_id` (`items_id`),
  KEY `idx_fields_id` (`fields_id`),
  KEY `idx_items_fields_id` (`items_id`,`fields_id`),
  KEY `idx_value_id` (`value`)
) ENGINE=InnoDB DEFAULT CHARSET=utf8mb4 COLLATE=utf8mb4_general_ci;

CREATE TABLE IF NOT EXISTS `app_entity_25` (
  `id` int(11) unsigned NOT NULL AUTO_INCREMENT,
  `parent_id` int(11) unsigned DEFAULT 0,
  `parent_item_id` int(11) unsigned DEFAULT 0,
  `linked_id` int(11) unsigned DEFAULT 0,
  `date_added` bigint(11) DEFAULT 0,
  `date_updated` bigint(11) DEFAULT 0,
  `created_by` int(11) unsigned DEFAULT NULL,
  `sort_order` int(11) DEFAULT 0,
  `field_237` varchar(255) NOT NULL,
  `field_238` text NOT NULL,
  `field_239` text NOT NULL,
  `field_240` text NOT NULL,
  `field_241` varchar(255) NOT NULL,
  `field_242` varchar(255) NOT NULL,
  `field_243` int(11) unsigned NOT NULL,
  `field_244` text NOT NULL,
  `field_245` text NOT NULL,
  `field_246` text NOT NULL,
  `field_247` varchar(255) NOT NULL,
  `field_248` int(11) NOT NULL,
  `field_249` text NOT NULL,
  `field_250` varchar(255) NOT NULL,
  `field_251` bigint(11) NOT NULL,
  `field_252` varchar(255) NOT NULL,
  PRIMARY KEY (`id`),
  KEY `idx_parent_id` (`parent_id`),
  KEY `idx_parent_item_id` (`parent_item_id`),
  KEY `idx_created_by` (`created_by`),
  KEY `idx_field_238` (`field_238`(128)),
  KEY `idx_field_239` (`field_239`(128)),
  KEY `idx_field_240` (`field_240`(128)),
  KEY `idx_field_245` (`field_245`(128)),
  KEY `idx_field_246` (`field_246`(128)),
  KEY `idx_field_248` (`field_248`),
  KEY `idx_field_251` (`field_251`)
) ENGINE=InnoDB AUTO_INCREMENT=3 DEFAULT CHARSET=utf8mb4 COLLATE=utf8mb4_general_ci;

CREATE TABLE IF NOT EXISTS `app_entity_25_values` (
  `id` int(11) unsigned NOT NULL AUTO_INCREMENT,
  `items_id` int(11) unsigned NOT NULL,
  `fields_id` int(11) unsigned NOT NULL,
  `value` int(11) unsigned NOT NULL,
  PRIMARY KEY (`id`),
  KEY `idx_items_id` (`items_id`),
  KEY `idx_fields_id` (`fields_id`),
  KEY `idx_items_fields_id` (`items_id`,`fields_id`),
  KEY `idx_value_id` (`value`)
) ENGINE=InnoDB AUTO_INCREMENT=4 DEFAULT CHARSET=utf8mb4 COLLATE=utf8mb4_general_ci;

CREATE TABLE IF NOT EXISTS `app_entity_26` (
  `id` int(11) unsigned NOT NULL AUTO_INCREMENT,
  `parent_id` int(11) unsigned DEFAULT 0,
  `parent_item_id` int(11) unsigned DEFAULT 0,
  `linked_id` int(11) unsigned DEFAULT 0,
  `date_added` bigint(11) DEFAULT 0,
  `date_updated` bigint(11) DEFAULT 0,
  `created_by` int(11) unsigned DEFAULT NULL,
  `sort_order` int(11) DEFAULT 0,
  `field_253` text NOT NULL,
  `field_254` text NOT NULL,
  `field_255` varchar(255) NOT NULL,
  `field_259` bigint(11) NOT NULL,
  `field_260` varchar(255) NOT NULL,
  `field_261` varchar(255) NOT NULL,
  `field_262` bigint(11) NOT NULL,
  `field_263` bigint(11) NOT NULL,
  `field_264` int(11) NOT NULL,
  `field_265` varchar(255) NOT NULL,
  `field_266` text NOT NULL,
  `field_267` text NOT NULL,
  PRIMARY KEY (`id`),
  KEY `idx_parent_id` (`parent_id`),
  KEY `idx_parent_item_id` (`parent_item_id`),
  KEY `idx_created_by` (`created_by`),
  KEY `idx_field_254` (`field_254`(128)),
  KEY `idx_field_259` (`field_259`),
  KEY `idx_field_262` (`field_262`),
  KEY `idx_field_263` (`field_263`),
  KEY `idx_field_264` (`field_264`),
  KEY `idx_field_266` (`field_266`(128)),
  KEY `idx_field_253` (`field_253`(128)),
  KEY `idx_field_267` (`field_267`(128))
) ENGINE=InnoDB DEFAULT CHARSET=utf8mb4 COLLATE=utf8mb4_general_ci;

CREATE TABLE IF NOT EXISTS `app_entity_26_values` (
  `id` int(11) unsigned NOT NULL AUTO_INCREMENT,
  `items_id` int(11) unsigned NOT NULL,
  `fields_id` int(11) unsigned NOT NULL,
  `value` int(11) unsigned NOT NULL,
  PRIMARY KEY (`id`),
  KEY `idx_items_id` (`items_id`),
  KEY `idx_fields_id` (`fields_id`),
  KEY `idx_items_fields_id` (`items_id`,`fields_id`),
  KEY `idx_value_id` (`value`)
) ENGINE=InnoDB DEFAULT CHARSET=utf8mb4 COLLATE=utf8mb4_general_ci;

CREATE TABLE IF NOT EXISTS `app_entity_27` (
  `id` int(11) unsigned NOT NULL AUTO_INCREMENT,
  `parent_id` int(11) unsigned DEFAULT 0,
  `parent_item_id` int(11) unsigned DEFAULT 0,
  `linked_id` int(11) unsigned DEFAULT 0,
  `date_added` bigint(11) DEFAULT 0,
  `date_updated` bigint(11) DEFAULT 0,
  `created_by` int(11) unsigned DEFAULT NULL,
  `sort_order` int(11) DEFAULT 0,
  `field_268` bigint(11) NOT NULL,
  `field_269` varchar(1) NOT NULL,
  `field_270` varchar(1) NOT NULL,
  `field_271` varchar(255) NOT NULL,
  `field_272` varchar(255) NOT NULL,
  `field_273` int(11) NOT NULL,
  `field_274` text NOT NULL,
  `field_275` varchar(255) NOT NULL,
  `field_276` int(11) NOT NULL,
  PRIMARY KEY (`id`),
  KEY `idx_parent_id` (`parent_id`),
  KEY `idx_parent_item_id` (`parent_item_id`),
  KEY `idx_created_by` (`created_by`),
  KEY `idx_field_268` (`field_268`),
  KEY `idx_field_273` (`field_273`),
  KEY `idx_field_274` (`field_274`(128)),
  KEY `idx_field_276` (`field_276`)
) ENGINE=InnoDB DEFAULT CHARSET=utf8mb4 COLLATE=utf8mb4_general_ci;

CREATE TABLE IF NOT EXISTS `app_entity_27_values` (
  `id` int(11) unsigned NOT NULL AUTO_INCREMENT,
  `items_id` int(11) unsigned NOT NULL,
  `fields_id` int(11) unsigned NOT NULL,
  `value` int(11) unsigned NOT NULL,
  PRIMARY KEY (`id`),
  KEY `idx_items_id` (`items_id`),
  KEY `idx_fields_id` (`fields_id`),
  KEY `idx_items_fields_id` (`items_id`,`fields_id`),
  KEY `idx_value_id` (`value`)
) ENGINE=InnoDB DEFAULT CHARSET=utf8mb4 COLLATE=utf8mb4_general_ci;

CREATE TABLE IF NOT EXISTS `app_entity_28` (
  `id` int(11) unsigned NOT NULL AUTO_INCREMENT,
  `parent_id` int(11) unsigned DEFAULT 0,
  `parent_item_id` int(11) unsigned DEFAULT 0,
  `linked_id` int(11) unsigned DEFAULT 0,
  `date_added` bigint(11) DEFAULT 0,
  `date_updated` bigint(11) DEFAULT 0,
  `created_by` int(11) unsigned DEFAULT NULL,
  `sort_order` int(11) DEFAULT 0,
  `field_277` bigint(11) NOT NULL,
  `field_278` text NOT NULL,
  `field_279` text NOT NULL,
  `field_280` varchar(255) NOT NULL,
  `field_281` varchar(255) NOT NULL,
  PRIMARY KEY (`id`),
  KEY `idx_parent_id` (`parent_id`),
  KEY `idx_parent_item_id` (`parent_item_id`),
  KEY `idx_created_by` (`created_by`),
  KEY `idx_field_277` (`field_277`),
  KEY `idx_field_278` (`field_278`(128)),
  KEY `idx_field_279` (`field_279`(128))
) ENGINE=InnoDB DEFAULT CHARSET=utf8mb4 COLLATE=utf8mb4_general_ci;

CREATE TABLE IF NOT EXISTS `app_entity_28_values` (
  `id` int(11) unsigned NOT NULL AUTO_INCREMENT,
  `items_id` int(11) unsigned NOT NULL,
  `fields_id` int(11) unsigned NOT NULL,
  `value` int(11) unsigned NOT NULL,
  PRIMARY KEY (`id`),
  KEY `idx_items_id` (`items_id`),
  KEY `idx_fields_id` (`fields_id`),
  KEY `idx_items_fields_id` (`items_id`,`fields_id`),
  KEY `idx_value_id` (`value`)
) ENGINE=InnoDB DEFAULT CHARSET=utf8mb4 COLLATE=utf8mb4_general_ci;

CREATE TABLE IF NOT EXISTS `app_entity_29` (
  `id` int(11) unsigned NOT NULL AUTO_INCREMENT,
  `parent_id` int(11) unsigned DEFAULT 0,
  `parent_item_id` int(11) unsigned DEFAULT 0,
  `linked_id` int(11) unsigned DEFAULT 0,
  `date_added` bigint(11) DEFAULT 0,
  `date_updated` bigint(11) DEFAULT 0,
  `created_by` int(11) unsigned DEFAULT NULL,
  `sort_order` int(11) DEFAULT 0,
  PRIMARY KEY (`id`),
  KEY `idx_parent_id` (`parent_id`),
  KEY `idx_parent_item_id` (`parent_item_id`),
  KEY `idx_created_by` (`created_by`)
) ENGINE=InnoDB DEFAULT CHARSET=utf8mb4 COLLATE=utf8mb4_general_ci;

CREATE TABLE IF NOT EXISTS `app_entity_29_values` (
  `id` int(11) unsigned NOT NULL AUTO_INCREMENT,
  `items_id` int(11) unsigned NOT NULL,
  `fields_id` int(11) unsigned NOT NULL,
  `value` int(11) unsigned NOT NULL,
  PRIMARY KEY (`id`),
  KEY `idx_items_id` (`items_id`),
  KEY `idx_fields_id` (`fields_id`),
  KEY `idx_items_fields_id` (`items_id`,`fields_id`),
  KEY `idx_value_id` (`value`)
) ENGINE=InnoDB DEFAULT CHARSET=utf8mb4 COLLATE=utf8mb4_general_ci;

CREATE TABLE IF NOT EXISTS `app_entity_30` (
  `id` int(11) unsigned NOT NULL AUTO_INCREMENT,
  `parent_id` int(11) unsigned DEFAULT 0,
  `parent_item_id` int(11) unsigned DEFAULT 0,
  `linked_id` int(11) unsigned DEFAULT 0,
  `date_added` bigint(11) DEFAULT 0,
  `date_updated` bigint(11) DEFAULT 0,
  `created_by` int(11) unsigned DEFAULT NULL,
  `sort_order` int(11) DEFAULT 0,
  `field_298` varchar(255) NOT NULL,
  PRIMARY KEY (`id`),
  KEY `idx_parent_id` (`parent_id`),
  KEY `idx_parent_item_id` (`parent_item_id`),
  KEY `idx_created_by` (`created_by`)
) ENGINE=InnoDB AUTO_INCREMENT=10 DEFAULT CHARSET=utf8mb4 COLLATE=utf8mb4_general_ci;

INSERT INTO app_entity_30 VALUES
('2','0','0','0','1730456233','1730509687','2','0','Printer'),
('3','0','0','0','1730456236','1730509697','2','0','Komputer Rakitan'),
('4','0','0','0','1730509708','0','2','0','Komputer All In One'),
('5','0','0','0','1730509723','0','2','0','Komputet Laptop'),
('6','0','0','0','1730509744','0','2','0','CCTV'),
('7','0','0','0','1730509756','0','2','0','Telepon'),
('8','0','0','0','1730509914','0','2','0','PC Tablet'),
('9','0','0','0','1730509938','0','2','0','Handphone');

CREATE TABLE IF NOT EXISTS `app_entity_30_values` (
  `id` int(11) unsigned NOT NULL AUTO_INCREMENT,
  `items_id` int(11) unsigned NOT NULL,
  `fields_id` int(11) unsigned NOT NULL,
  `value` int(11) unsigned NOT NULL,
  PRIMARY KEY (`id`),
  KEY `idx_items_id` (`items_id`),
  KEY `idx_fields_id` (`fields_id`),
  KEY `idx_items_fields_id` (`items_id`,`fields_id`),
  KEY `idx_value_id` (`value`)
) ENGINE=InnoDB DEFAULT CHARSET=utf8mb4 COLLATE=utf8mb4_general_ci;

CREATE TABLE IF NOT EXISTS `app_entity_31` (
  `id` int(11) unsigned NOT NULL AUTO_INCREMENT,
  `parent_id` int(11) unsigned DEFAULT 0,
  `parent_item_id` int(11) unsigned DEFAULT 0,
  `linked_id` int(11) unsigned DEFAULT 0,
  `date_added` bigint(11) DEFAULT 0,
  `date_updated` bigint(11) DEFAULT 0,
  `created_by` int(11) unsigned DEFAULT NULL,
  `sort_order` int(11) DEFAULT 0,
  `field_305` varchar(255) NOT NULL,
  PRIMARY KEY (`id`),
  KEY `idx_parent_id` (`parent_id`),
  KEY `idx_parent_item_id` (`parent_item_id`),
  KEY `idx_created_by` (`created_by`)
) ENGINE=InnoDB AUTO_INCREMENT=13 DEFAULT CHARSET=utf8mb4 COLLATE=utf8mb4_general_ci;

INSERT INTO app_entity_31 VALUES
('1','0','0','0','1730440644','0','2','0','Sony'),
('2','0','0','0','1730510220','0','2','0','Acer'),
('3','0','0','0','1730510225','0','2','0','Lenovo'),
('4','0','0','0','1730510230','0','2','0','HP'),
('5','0','0','0','1730510235','0','2','0','Epson'),
('6','0','0','0','1730510241','0','2','0','Ezviz'),
('7','0','0','0','1730510250','0','2','0','Dahua'),
('8','0','0','0','1730510259','0','2','0','Canon'),
('9','0','0','0','1730510270','0','2','0','Deli'),
('10','0','0','0','1730510277','0','2','0','Asus'),
('11','0','0','0','1730510302','0','2','0','Toshiba'),
('12','0','0','0','1730714309','0','2','0','Dell');

CREATE TABLE IF NOT EXISTS `app_entity_31_values` (
  `id` int(11) unsigned NOT NULL AUTO_INCREMENT,
  `items_id` int(11) unsigned NOT NULL,
  `fields_id` int(11) unsigned NOT NULL,
  `value` int(11) unsigned NOT NULL,
  PRIMARY KEY (`id`),
  KEY `idx_items_id` (`items_id`),
  KEY `idx_fields_id` (`fields_id`),
  KEY `idx_items_fields_id` (`items_id`,`fields_id`),
  KEY `idx_value_id` (`value`)
) ENGINE=InnoDB DEFAULT CHARSET=utf8mb4 COLLATE=utf8mb4_general_ci;

CREATE TABLE IF NOT EXISTS `app_entity_32` (
  `id` int(11) unsigned NOT NULL AUTO_INCREMENT,
  `parent_id` int(11) unsigned DEFAULT 0,
  `parent_item_id` int(11) unsigned DEFAULT 0,
  `linked_id` int(11) unsigned DEFAULT 0,
  `date_added` bigint(11) DEFAULT 0,
  `date_updated` bigint(11) DEFAULT 0,
  `created_by` int(11) unsigned DEFAULT NULL,
  `sort_order` int(11) DEFAULT 0,
  `field_312` varchar(255) NOT NULL,
  PRIMARY KEY (`id`),
  KEY `idx_parent_id` (`parent_id`),
  KEY `idx_parent_item_id` (`parent_item_id`),
  KEY `idx_created_by` (`created_by`)
) ENGINE=InnoDB AUTO_INCREMENT=6 DEFAULT CHARSET=utf8mb4 COLLATE=utf8mb4_general_ci;

INSERT INTO app_entity_32 VALUES
('1','0','0','0','1730440656','0','2','0','S670'),
('2','0','0','0','1730510325','0','2','0','L3110'),
('3','0','0','0','1730510330','0','2','0','L121'),
('4','0','0','0','1730510335','0','2','0','L360'),
('5','0','0','0','1730753670','0','1','0','MK - 001537');

CREATE TABLE IF NOT EXISTS `app_entity_32_values` (
  `id` int(11) unsigned NOT NULL AUTO_INCREMENT,
  `items_id` int(11) unsigned NOT NULL,
  `fields_id` int(11) unsigned NOT NULL,
  `value` int(11) unsigned NOT NULL,
  PRIMARY KEY (`id`),
  KEY `idx_items_id` (`items_id`),
  KEY `idx_fields_id` (`fields_id`),
  KEY `idx_items_fields_id` (`items_id`,`fields_id`),
  KEY `idx_value_id` (`value`)
) ENGINE=InnoDB DEFAULT CHARSET=utf8mb4 COLLATE=utf8mb4_general_ci;

CREATE TABLE IF NOT EXISTS `app_entity_33` (
  `id` int(11) unsigned NOT NULL AUTO_INCREMENT,
  `parent_id` int(11) unsigned DEFAULT 0,
  `parent_item_id` int(11) unsigned DEFAULT 0,
  `linked_id` int(11) unsigned DEFAULT 0,
  `date_added` bigint(11) DEFAULT 0,
  `date_updated` bigint(11) DEFAULT 0,
  `created_by` int(11) unsigned DEFAULT NULL,
  `sort_order` int(11) DEFAULT 0,
  `field_319` varchar(255) NOT NULL,
  PRIMARY KEY (`id`),
  KEY `idx_parent_id` (`parent_id`),
  KEY `idx_parent_item_id` (`parent_item_id`),
  KEY `idx_created_by` (`created_by`)
) ENGINE=InnoDB AUTO_INCREMENT=2 DEFAULT CHARSET=utf8mb4 COLLATE=utf8mb4_general_ci;

INSERT INTO app_entity_33 VALUES
('1','0','0','0','1730753656','0','1','0','Yura');

CREATE TABLE IF NOT EXISTS `app_entity_33_values` (
  `id` int(11) unsigned NOT NULL AUTO_INCREMENT,
  `items_id` int(11) unsigned NOT NULL,
  `fields_id` int(11) unsigned NOT NULL,
  `value` int(11) unsigned NOT NULL,
  PRIMARY KEY (`id`),
  KEY `idx_items_id` (`items_id`),
  KEY `idx_fields_id` (`fields_id`),
  KEY `idx_items_fields_id` (`items_id`,`fields_id`),
  KEY `idx_value_id` (`value`)
) ENGINE=InnoDB DEFAULT CHARSET=utf8mb4 COLLATE=utf8mb4_general_ci;

CREATE TABLE IF NOT EXISTS `app_entity_34` (
  `id` int(11) unsigned NOT NULL AUTO_INCREMENT,
  `parent_id` int(11) unsigned DEFAULT 0,
  `parent_item_id` int(11) unsigned DEFAULT 0,
  `linked_id` int(11) unsigned DEFAULT 0,
  `date_added` bigint(11) DEFAULT 0,
  `date_updated` bigint(11) DEFAULT 0,
  `created_by` int(11) unsigned DEFAULT NULL,
  `sort_order` int(11) DEFAULT 0,
  `field_326` varchar(255) NOT NULL,
  PRIMARY KEY (`id`),
  KEY `idx_parent_id` (`parent_id`),
  KEY `idx_parent_item_id` (`parent_item_id`),
  KEY `idx_created_by` (`created_by`)
) ENGINE=InnoDB AUTO_INCREMENT=11 DEFAULT CHARSET=utf8mb4 COLLATE=utf8mb4_general_ci;

INSERT INTO app_entity_34 VALUES
('1','0','0','0','1701175162','1730510457','2','0','Keuangan'),
('2','0','0','0','1701175170','1730510432','2','0','IT'),
('3','0','0','0','1730426967','1730510361','2','0','Pendaftaran'),
('4','0','0','0','1730510365','0','2','0','Kasir'),
('5','0','0','0','1730510371','0','2','0','Laboratorium'),
('6','0','0','0','1730510379','0','2','0','IGD'),
('7','0','0','0','1730510384','0','2','0','Poliklinik'),
('8','0','0','0','1730510400','0','2','0','Ranap'),
('9','0','0','0','1730510411','0','2','0','Kantin'),
('10','0','0','0','1730510438','0','2','0','Tata Usaha');

CREATE TABLE IF NOT EXISTS `app_entity_34_values` (
  `id` int(11) unsigned NOT NULL AUTO_INCREMENT,
  `items_id` int(11) unsigned NOT NULL,
  `fields_id` int(11) unsigned NOT NULL,
  `value` int(11) unsigned NOT NULL,
  PRIMARY KEY (`id`),
  KEY `idx_items_id` (`items_id`),
  KEY `idx_fields_id` (`fields_id`),
  KEY `idx_items_fields_id` (`items_id`,`fields_id`),
  KEY `idx_value_id` (`value`)
) ENGINE=InnoDB DEFAULT CHARSET=utf8mb4 COLLATE=utf8mb4_general_ci;

CREATE TABLE IF NOT EXISTS `app_entity_35` (
  `id` int(11) unsigned NOT NULL AUTO_INCREMENT,
  `parent_id` int(11) unsigned DEFAULT 0,
  `parent_item_id` int(11) unsigned DEFAULT 0,
  `linked_id` int(11) unsigned DEFAULT 0,
  `date_added` bigint(11) DEFAULT 0,
  `date_updated` bigint(11) DEFAULT 0,
  `created_by` int(11) unsigned DEFAULT NULL,
  `sort_order` int(11) DEFAULT 0,
  `field_333` bigint(11) NOT NULL,
  `field_334` varchar(255) NOT NULL,
  `field_335` text NOT NULL,
  `field_336` bigint(11) NOT NULL,
  `field_337` bigint(11) NOT NULL,
  `field_338` int(11) NOT NULL,
  `field_339` text NOT NULL,
  `field_340` text NOT NULL,
  `field_341` text NOT NULL,
  `field_342` text NOT NULL,
  `field_343` int(11) NOT NULL,
  PRIMARY KEY (`id`),
  KEY `idx_parent_id` (`parent_id`),
  KEY `idx_parent_item_id` (`parent_item_id`),
  KEY `idx_created_by` (`created_by`),
  KEY `idx_field_333` (`field_333`),
  KEY `idx_field_335` (`field_335`(128)),
  KEY `idx_field_336` (`field_336`),
  KEY `idx_field_337` (`field_337`),
  KEY `idx_field_338` (`field_338`),
  KEY `idx_field_341` (`field_341`(128)),
  KEY `idx_field_342` (`field_342`(128)),
  KEY `idx_field_343` (`field_343`)
) ENGINE=InnoDB AUTO_INCREMENT=4 DEFAULT CHARSET=utf8mb4 COLLATE=utf8mb4_general_ci;

INSERT INTO app_entity_35 VALUES
('2','0','0','0','1730440571','1730784032','2','0','1730440500','Cleaning','12','1730437200','1731128400','9','','','19','22','16'),
('3','0','0','0','1730441889','1730714064','2','0','1730512800','Maintenance CCTV','23','1730512800','1730514600','7','','','25','24','16');

CREATE TABLE IF NOT EXISTS `app_entity_35_values` (
  `id` int(11) unsigned NOT NULL AUTO_INCREMENT,
  `items_id` int(11) unsigned NOT NULL,
  `fields_id` int(11) unsigned NOT NULL,
  `value` int(11) unsigned NOT NULL,
  PRIMARY KEY (`id`),
  KEY `idx_items_id` (`items_id`),
  KEY `idx_fields_id` (`fields_id`),
  KEY `idx_items_fields_id` (`items_id`,`fields_id`),
  KEY `idx_value_id` (`value`)
) ENGINE=InnoDB AUTO_INCREMENT=29 DEFAULT CHARSET=utf8mb4 COLLATE=utf8mb4_general_ci;

INSERT INTO app_entity_35_values VALUES
('19','3','335','23'),
('20','3','342','24'),
('21','3','343','16'),
('22','3','338','7'),
('23','3','341','25'),
('24','2','335','12'),
('25','2','342','22'),
('26','2','343','16'),
('27','2','338','9'),
('28','2','341','19');

CREATE TABLE IF NOT EXISTS `app_entity_36` (
  `id` int(11) unsigned NOT NULL AUTO_INCREMENT,
  `parent_id` int(11) unsigned DEFAULT 0,
  `parent_item_id` int(11) unsigned DEFAULT 0,
  `linked_id` int(11) unsigned DEFAULT 0,
  `date_added` bigint(11) DEFAULT 0,
  `date_updated` bigint(11) DEFAULT 0,
  `created_by` int(11) unsigned DEFAULT NULL,
  `sort_order` int(11) DEFAULT 0,
  `field_374` varchar(255) NOT NULL,
  `field_375` text NOT NULL,
  `field_376` text NOT NULL,
  `field_377` text NOT NULL,
  `field_378` varchar(255) NOT NULL,
  `field_379` varchar(255) NOT NULL,
  `field_380` int(11) unsigned NOT NULL,
  `field_381` text NOT NULL,
  `field_382` text NOT NULL,
  `field_383` text NOT NULL,
  `field_384` varchar(255) NOT NULL,
  `field_385` int(11) NOT NULL,
  `field_386` text NOT NULL,
  `field_387` varchar(255) NOT NULL,
  `field_388` bigint(11) NOT NULL,
  `field_389` varchar(255) NOT NULL,
  `field_456` text NOT NULL,
  `field_474` varchar(1) NOT NULL,
  PRIMARY KEY (`id`),
  KEY `idx_parent_id` (`parent_id`),
  KEY `idx_parent_item_id` (`parent_item_id`),
  KEY `idx_created_by` (`created_by`),
  KEY `idx_field_375` (`field_375`(128)),
  KEY `idx_field_376` (`field_376`(128)),
  KEY `idx_field_377` (`field_377`(128)),
  KEY `idx_field_382` (`field_382`(128)),
  KEY `idx_field_383` (`field_383`(128)),
  KEY `idx_field_385` (`field_385`),
  KEY `idx_field_388` (`field_388`),
  KEY `idx_field_456` (`field_456`(128))
) ENGINE=InnoDB AUTO_INCREMENT=7 DEFAULT CHARSET=utf8mb4 COLLATE=utf8mb4_general_ci;

INSERT INTO app_entity_36 VALUES
('1','0','0','0','1701175082','1730753903','2','0','Laptop - Pendaftaran Loket 1','5','5','12','123456723423XY','12:12:12:12','3232235866','Procesor Core i 5\r\nRam 8 GB\r\nSSD 512\r\n20 Inch','1','3','Loket Ruang Pendaftaran','1','1730753901_dell_-_pendaftaran.jpg','','1719766800','RSIA/KBRY/0010/2024','1',''),
('2','0','0','0','1730426742','1730714493','4','0','- (untuk tiketing aset belum terdaftar)','','','','','','0','','','3','','1','','','0','','1',''),
('3','0','0','0','1730510651','1730714497','2','0','Laptop - Pendaftaran Loket 2','5','','12','','','0','','','3','','1','','','0','','1',''),
('4','0','0','0','1730510676','1730714502','2','0','Printer Epson - Pendaftaran','2','','5','','','0','','','3','','1','','','0','','1',''),
('5','0','0','0','1730510695','1730714506','2','0','PC 01 - Kasir','4','','12','','','0','','','4','','1','','','0','','1',''),
('6','0','0','0','1730510714','1730714511','2','0','PC 02 - Kasir','4','','12','','','0','','','4','','1','','','0','','1','');

CREATE TABLE IF NOT EXISTS `app_entity_36_values` (
  `id` int(11) unsigned NOT NULL AUTO_INCREMENT,
  `items_id` int(11) unsigned NOT NULL,
  `fields_id` int(11) unsigned NOT NULL,
  `value` int(11) unsigned NOT NULL,
  PRIMARY KEY (`id`),
  KEY `idx_items_id` (`items_id`),
  KEY `idx_fields_id` (`fields_id`),
  KEY `idx_items_fields_id` (`items_id`,`fields_id`),
  KEY `idx_value_id` (`value`)
) ENGINE=InnoDB AUTO_INCREMENT=52 DEFAULT CHARSET=utf8mb4 COLLATE=utf8mb4_general_ci;

INSERT INTO app_entity_36_values VALUES
('4','2','385','1'),
('6','3','385','1'),
('7','4','385','1'),
('8','5','385','1'),
('9','6','385','1'),
('11','3','375','5'),
('12','4','375','2'),
('13','5','375','4'),
('14','6','375','4'),
('16','3','377','12'),
('17','4','377','5'),
('18','5','377','12'),
('19','6','377','12'),
('21','2','383','3'),
('22','3','383','3'),
('23','4','383','3'),
('25','6','383','4'),
('26','5','383','4'),
('28','2','456','1'),
('29','3','456','1'),
('30','4','456','1'),
('31','5','456','1'),
('32','6','456','1'),
('45','1','385','1'),
('46','1','382','1'),
('47','1','375','5'),
('48','1','377','12'),
('49','1','383','3'),
('50','1','376','5'),
('51','1','456','1');

CREATE TABLE IF NOT EXISTS `app_entity_38` (
  `id` int(11) unsigned NOT NULL AUTO_INCREMENT,
  `parent_id` int(11) unsigned DEFAULT 0,
  `parent_item_id` int(11) unsigned DEFAULT 0,
  `linked_id` int(11) unsigned DEFAULT 0,
  `date_added` bigint(11) DEFAULT 0,
  `date_updated` bigint(11) DEFAULT 0,
  `created_by` int(11) unsigned DEFAULT NULL,
  `sort_order` int(11) DEFAULT 0,
  `field_405` bigint(11) NOT NULL,
  `field_406` varchar(1) NOT NULL,
  `field_407` varchar(1) NOT NULL,
  `field_408` varchar(255) NOT NULL,
  `field_409` varchar(255) NOT NULL,
  `field_410` int(11) NOT NULL,
  `field_411` text NOT NULL,
  `field_412` varchar(255) NOT NULL,
  `field_413` int(11) NOT NULL,
  PRIMARY KEY (`id`),
  KEY `idx_parent_id` (`parent_id`),
  KEY `idx_parent_item_id` (`parent_item_id`),
  KEY `idx_created_by` (`created_by`),
  KEY `idx_field_405` (`field_405`),
  KEY `idx_field_410` (`field_410`),
  KEY `idx_field_411` (`field_411`(128)),
  KEY `idx_field_413` (`field_413`)
) ENGINE=InnoDB AUTO_INCREMENT=3 DEFAULT CHARSET=utf8mb4 COLLATE=utf8mb4_general_ci;

INSERT INTO app_entity_38 VALUES
('1','0','1','0','1701175128','0','2','0','1701104400','','','','','7','','','1'),
('2','0','2','0','1730440426','0','2','0','1730394000','','','Berasap','Siram','11','13','Beli baru aja','3');

CREATE TABLE IF NOT EXISTS `app_entity_38_values` (
  `id` int(11) unsigned NOT NULL AUTO_INCREMENT,
  `items_id` int(11) unsigned NOT NULL,
  `fields_id` int(11) unsigned NOT NULL,
  `value` int(11) unsigned NOT NULL,
  PRIMARY KEY (`id`),
  KEY `idx_items_id` (`items_id`),
  KEY `idx_fields_id` (`fields_id`),
  KEY `idx_items_fields_id` (`items_id`,`fields_id`),
  KEY `idx_value_id` (`value`)
) ENGINE=InnoDB AUTO_INCREMENT=6 DEFAULT CHARSET=utf8mb4 COLLATE=utf8mb4_general_ci;

INSERT INTO app_entity_38_values VALUES
('1','1','410','7'),
('2','1','413','1'),
('3','2','410','11'),
('4','2','411','13'),
('5','2','413','3');

CREATE TABLE IF NOT EXISTS `app_entity_39` (
  `id` int(11) unsigned NOT NULL AUTO_INCREMENT,
  `parent_id` int(11) unsigned DEFAULT 0,
  `parent_item_id` int(11) unsigned DEFAULT 0,
  `linked_id` int(11) unsigned DEFAULT 0,
  `date_added` bigint(11) DEFAULT 0,
  `date_updated` bigint(11) DEFAULT 0,
  `created_by` int(11) unsigned DEFAULT NULL,
  `sort_order` int(11) DEFAULT 0,
  `field_414` bigint(11) NOT NULL,
  `field_415` text NOT NULL,
  `field_416` text NOT NULL,
  `field_417` varchar(255) NOT NULL,
  `field_418` varchar(255) NOT NULL,
  `field_429` varchar(1) NOT NULL,
  `field_430` varchar(1) NOT NULL,
  PRIMARY KEY (`id`),
  KEY `idx_parent_id` (`parent_id`),
  KEY `idx_parent_item_id` (`parent_item_id`),
  KEY `idx_created_by` (`created_by`),
  KEY `idx_field_414` (`field_414`),
  KEY `idx_field_415` (`field_415`(128)),
  KEY `idx_field_416` (`field_416`(128))
) ENGINE=InnoDB AUTO_INCREMENT=2 DEFAULT CHARSET=utf8mb4 COLLATE=utf8mb4_general_ci;

INSERT INTO app_entity_39 VALUES
('1','0','1','0','1701175191','1701269823','2','0','1701104400','1','2','Karena Diperlukan','','','');

CREATE TABLE IF NOT EXISTS `app_entity_39_values` (
  `id` int(11) unsigned NOT NULL AUTO_INCREMENT,
  `items_id` int(11) unsigned NOT NULL,
  `fields_id` int(11) unsigned NOT NULL,
  `value` int(11) unsigned NOT NULL,
  PRIMARY KEY (`id`),
  KEY `idx_items_id` (`items_id`),
  KEY `idx_fields_id` (`fields_id`),
  KEY `idx_items_fields_id` (`items_id`,`fields_id`),
  KEY `idx_value_id` (`value`)
) ENGINE=InnoDB AUTO_INCREMENT=5 DEFAULT CHARSET=utf8mb4 COLLATE=utf8mb4_general_ci;

INSERT INTO app_entity_39_values VALUES
('3','1','415','1'),
('4','1','416','2');

CREATE TABLE IF NOT EXISTS `app_entity_40` (
  `id` int(11) unsigned NOT NULL AUTO_INCREMENT,
  `parent_id` int(11) unsigned DEFAULT 0,
  `parent_item_id` int(11) unsigned DEFAULT 0,
  `linked_id` int(11) unsigned DEFAULT 0,
  `date_added` bigint(11) DEFAULT 0,
  `date_updated` bigint(11) DEFAULT 0,
  `created_by` int(11) unsigned DEFAULT NULL,
  `sort_order` int(11) DEFAULT 0,
  `field_419` bigint(11) NOT NULL,
  `field_420` varchar(1) NOT NULL,
  `field_421` varchar(1) NOT NULL,
  `field_422` varchar(255) NOT NULL,
  `field_423` varchar(255) NOT NULL,
  `field_424` int(11) NOT NULL,
  `field_425` text NOT NULL,
  `field_426` varchar(255) NOT NULL,
  `field_427` int(11) NOT NULL,
  `field_428` text NOT NULL,
  PRIMARY KEY (`id`),
  KEY `idx_parent_id` (`parent_id`),
  KEY `idx_parent_item_id` (`parent_item_id`),
  KEY `idx_created_by` (`created_by`),
  KEY `idx_field_419` (`field_419`),
  KEY `idx_field_424` (`field_424`),
  KEY `idx_field_425` (`field_425`(128)),
  KEY `idx_field_427` (`field_427`)
) ENGINE=InnoDB AUTO_INCREMENT=2 DEFAULT CHARSET=utf8mb4 COLLATE=utf8mb4_general_ci;

INSERT INTO app_entity_40 VALUES
('1','0','1','0','1701175216','0','2','0','1701104400','','','','','7','7','','1','');

CREATE TABLE IF NOT EXISTS `app_entity_40_values` (
  `id` int(11) unsigned NOT NULL AUTO_INCREMENT,
  `items_id` int(11) unsigned NOT NULL,
  `fields_id` int(11) unsigned NOT NULL,
  `value` int(11) unsigned NOT NULL,
  PRIMARY KEY (`id`),
  KEY `idx_items_id` (`items_id`),
  KEY `idx_fields_id` (`fields_id`),
  KEY `idx_items_fields_id` (`items_id`,`fields_id`),
  KEY `idx_value_id` (`value`)
) ENGINE=InnoDB AUTO_INCREMENT=4 DEFAULT CHARSET=utf8mb4 COLLATE=utf8mb4_general_ci;

INSERT INTO app_entity_40_values VALUES
('1','1','424','7'),
('2','1','425','7'),
('3','1','427','1');

CREATE TABLE IF NOT EXISTS `app_entity_41` (
  `id` int(11) unsigned NOT NULL AUTO_INCREMENT,
  `parent_id` int(11) unsigned DEFAULT 0,
  `parent_item_id` int(11) unsigned DEFAULT 0,
  `linked_id` int(11) unsigned DEFAULT 0,
  `date_added` bigint(11) DEFAULT 0,
  `date_updated` bigint(11) DEFAULT 0,
  `created_by` int(11) unsigned DEFAULT NULL,
  `sort_order` int(11) DEFAULT 0,
  `field_443` varchar(255) NOT NULL,
  `field_444` text NOT NULL,
  PRIMARY KEY (`id`),
  KEY `idx_parent_id` (`parent_id`),
  KEY `idx_parent_item_id` (`parent_item_id`),
  KEY `idx_created_by` (`created_by`),
  KEY `idx_field_444` (`field_444`(128))
) ENGINE=InnoDB AUTO_INCREMENT=9 DEFAULT CHARSET=utf8mb4 COLLATE=utf8mb4_general_ci;

INSERT INTO app_entity_41 VALUES
('1','0','0','0','1701221401','1730727943','1','0','Tinta Epson 664','14'),
('2','0','0','0','1730441667','0','2','0','UPS','15'),
('3','0','0','0','1730510507','0','2','0','Kertas HVS 70 GSM','14'),
('4','0','0','0','1730510528','0','2','0','Pulpen','14'),
('5','0','0','0','1730510535','0','2','0','Ram','14'),
('6','0','0','0','1730510548','0','2','0','Gobi','14'),
('7','0','0','0','1730510561','0','2','0','Batrai UPS','14'),
('8','0','0','0','1730510579','0','2','0','Tooner Printer','14');

CREATE TABLE IF NOT EXISTS `app_entity_41_values` (
  `id` int(11) unsigned NOT NULL AUTO_INCREMENT,
  `items_id` int(11) unsigned NOT NULL,
  `fields_id` int(11) unsigned NOT NULL,
  `value` int(11) unsigned NOT NULL,
  PRIMARY KEY (`id`),
  KEY `idx_items_id` (`items_id`),
  KEY `idx_fields_id` (`fields_id`),
  KEY `idx_items_fields_id` (`items_id`,`fields_id`),
  KEY `idx_value_id` (`value`)
) ENGINE=InnoDB AUTO_INCREMENT=11 DEFAULT CHARSET=utf8mb4 COLLATE=utf8mb4_general_ci;

INSERT INTO app_entity_41_values VALUES
('2','2','444','15'),
('4','3','444','14'),
('5','4','444','14'),
('6','5','444','14'),
('7','6','444','14'),
('8','7','444','14'),
('9','8','444','14'),
('10','1','444','14');

CREATE TABLE IF NOT EXISTS `app_entity_42` (
  `id` int(11) unsigned NOT NULL AUTO_INCREMENT,
  `parent_id` int(11) unsigned DEFAULT 0,
  `parent_item_id` int(11) unsigned DEFAULT 0,
  `linked_id` int(11) unsigned DEFAULT 0,
  `date_added` bigint(11) DEFAULT 0,
  `date_updated` bigint(11) DEFAULT 0,
  `created_by` int(11) unsigned DEFAULT NULL,
  `sort_order` int(11) DEFAULT 0,
  `field_445` bigint(11) NOT NULL,
  `field_446` varchar(64) NOT NULL,
  `field_447` text NOT NULL,
  `field_448` text NOT NULL,
  PRIMARY KEY (`id`),
  KEY `idx_parent_id` (`parent_id`),
  KEY `idx_parent_item_id` (`parent_item_id`),
  KEY `idx_created_by` (`created_by`),
  KEY `idx_field_445` (`field_445`),
  KEY `idx_field_447` (`field_447`(128)),
  KEY `idx_field_448` (`field_448`(128))
) ENGINE=InnoDB AUTO_INCREMENT=6 DEFAULT CHARSET=utf8mb4 COLLATE=utf8mb4_general_ci;

INSERT INTO app_entity_42 VALUES
('1','0','0','0','1701221443','1730728180','1','0','1701190800','3','1','2'),
('2','0','0','0','1701269864','0','2','0','1701190800','1','1','2'),
('4','0','0','0','1730442165','1730728209','2','0','1730394000','10','2','2'),
('5','0','0','0','1730728572','1730749804','1','0','1730653200','2','1','1');

CREATE TABLE IF NOT EXISTS `app_entity_42_values` (
  `id` int(11) unsigned NOT NULL AUTO_INCREMENT,
  `items_id` int(11) unsigned NOT NULL,
  `fields_id` int(11) unsigned NOT NULL,
  `value` int(11) unsigned NOT NULL,
  PRIMARY KEY (`id`),
  KEY `idx_items_id` (`items_id`),
  KEY `idx_fields_id` (`fields_id`),
  KEY `idx_items_fields_id` (`items_id`,`fields_id`),
  KEY `idx_value_id` (`value`)
) ENGINE=InnoDB AUTO_INCREMENT=23 DEFAULT CHARSET=utf8mb4 COLLATE=utf8mb4_general_ci;

INSERT INTO app_entity_42_values VALUES
('5','2','447','1'),
('6','2','448','2'),
('15','1','447','1'),
('16','1','448','2'),
('17','4','447','2'),
('18','4','448','2'),
('21','5','447','1'),
('22','5','448','1');

CREATE TABLE IF NOT EXISTS `app_entity_43` (
  `id` int(11) unsigned NOT NULL AUTO_INCREMENT,
  `parent_id` int(11) unsigned DEFAULT 0,
  `parent_item_id` int(11) unsigned DEFAULT 0,
  `linked_id` int(11) unsigned DEFAULT 0,
  `date_added` bigint(11) DEFAULT 0,
  `date_updated` bigint(11) DEFAULT 0,
  `created_by` int(11) unsigned DEFAULT NULL,
  `sort_order` int(11) DEFAULT 0,
  `field_455` varchar(255) NOT NULL,
  PRIMARY KEY (`id`),
  KEY `idx_parent_id` (`parent_id`),
  KEY `idx_parent_item_id` (`parent_item_id`),
  KEY `idx_created_by` (`created_by`)
) ENGINE=InnoDB AUTO_INCREMENT=6 DEFAULT CHARSET=utf8mb4 COLLATE=utf8mb4_general_ci;

INSERT INTO app_entity_43 VALUES
('1','0','0','0','1730443490','1730753793','2','0','Kubu Raya'),
('2','0','0','0','1730443505','1730714815','2','0','Surabaya'),
('3','0','0','0','1730443538','1730714823','2','0','Medan'),
('4','0','0','0','1730447405','1730714838','2','0','Jakarta'),
('5','0','0','0','1730714845','0','1','0','Pontianak');

CREATE TABLE IF NOT EXISTS `app_entity_43_values` (
  `id` int(11) unsigned NOT NULL AUTO_INCREMENT,
  `items_id` int(11) unsigned NOT NULL,
  `fields_id` int(11) unsigned NOT NULL,
  `value` int(11) unsigned NOT NULL,
  PRIMARY KEY (`id`),
  KEY `idx_items_id` (`items_id`),
  KEY `idx_fields_id` (`fields_id`),
  KEY `idx_items_fields_id` (`items_id`,`fields_id`),
  KEY `idx_value_id` (`value`)
) ENGINE=InnoDB DEFAULT CHARSET=utf8mb4 COLLATE=utf8mb4_general_ci;

CREATE TABLE IF NOT EXISTS `app_entity_44` (
  `id` int(11) unsigned NOT NULL AUTO_INCREMENT,
  `parent_id` int(11) unsigned DEFAULT 0,
  `parent_item_id` int(11) unsigned DEFAULT 0,
  `linked_id` int(11) unsigned DEFAULT 0,
  `date_added` bigint(11) DEFAULT 0,
  `date_updated` bigint(11) DEFAULT 0,
  `created_by` int(11) unsigned DEFAULT NULL,
  `sort_order` int(11) DEFAULT 0,
  `field_463` varchar(255) NOT NULL,
  `field_464` bigint(11) NOT NULL,
  `field_465` bigint(11) NOT NULL,
  `field_466` int(11) NOT NULL,
  `field_467` varchar(255) NOT NULL,
  `field_468` varchar(255) NOT NULL,
  PRIMARY KEY (`id`),
  KEY `idx_parent_id` (`parent_id`),
  KEY `idx_parent_item_id` (`parent_item_id`),
  KEY `idx_created_by` (`created_by`),
  KEY `idx_field_464` (`field_464`),
  KEY `idx_field_465` (`field_465`),
  KEY `idx_field_466` (`field_466`)
) ENGINE=InnoDB AUTO_INCREMENT=2 DEFAULT CHARSET=utf8mb4 COLLATE=utf8mb4_general_ci;

INSERT INTO app_entity_44 VALUES
('1','0','1','0','1730440344','1730485064','2','0','Training','1730429400','1731117000','20','Dia','IT');

CREATE TABLE IF NOT EXISTS `app_entity_44_values` (
  `id` int(11) unsigned NOT NULL AUTO_INCREMENT,
  `items_id` int(11) unsigned NOT NULL,
  `fields_id` int(11) unsigned NOT NULL,
  `value` int(11) unsigned NOT NULL,
  PRIMARY KEY (`id`),
  KEY `idx_items_id` (`items_id`),
  KEY `idx_fields_id` (`fields_id`),
  KEY `idx_items_fields_id` (`items_id`,`fields_id`),
  KEY `idx_value_id` (`value`)
) ENGINE=InnoDB AUTO_INCREMENT=2 DEFAULT CHARSET=utf8mb4 COLLATE=utf8mb4_general_ci;

INSERT INTO app_entity_44_values VALUES
('1','1','466','20');

CREATE TABLE IF NOT EXISTS `app_entity_45` (
  `id` int(11) unsigned NOT NULL AUTO_INCREMENT,
  `parent_id` int(11) unsigned DEFAULT 0,
  `parent_item_id` int(11) unsigned DEFAULT 0,
  `linked_id` int(11) unsigned DEFAULT 0,
  `date_added` bigint(11) DEFAULT 0,
  `date_updated` bigint(11) DEFAULT 0,
  `created_by` int(11) unsigned DEFAULT NULL,
  `sort_order` int(11) DEFAULT 0,
  `field_481` text NOT NULL,
  `field_482` text NOT NULL,
  `field_483` varchar(255) NOT NULL,
  `field_484` text NOT NULL,
  `field_485` int(11) NOT NULL,
  `field_486` text NOT NULL,
  `field_487` bigint(11) NOT NULL,
  `field_488` varchar(255) NOT NULL,
  `field_489` varchar(255) NOT NULL,
  `field_490` bigint(11) NOT NULL,
  `field_491` bigint(11) NOT NULL,
  `field_492` int(11) NOT NULL,
  `field_493` varchar(255) NOT NULL,
  `field_494` text NOT NULL,
  `field_495` int(11) NOT NULL,
  `field_496` varchar(64) NOT NULL,
  `field_497` varchar(64) NOT NULL,
  PRIMARY KEY (`id`),
  KEY `idx_parent_id` (`parent_id`),
  KEY `idx_parent_item_id` (`parent_item_id`),
  KEY `idx_created_by` (`created_by`),
  KEY `idx_field_481` (`field_481`(128)),
  KEY `idx_field_482` (`field_482`(128)),
  KEY `idx_field_484` (`field_484`(128)),
  KEY `idx_field_485` (`field_485`),
  KEY `idx_field_487` (`field_487`),
  KEY `idx_field_490` (`field_490`),
  KEY `idx_field_491` (`field_491`),
  KEY `idx_field_492` (`field_492`),
  KEY `idx_field_494` (`field_494`(128)),
  KEY `idx_field_495` (`field_495`),
  KEY `idx_field_486` (`field_486`(128))
) ENGINE=InnoDB AUTO_INCREMENT=4 DEFAULT CHARSET=utf8mb4 COLLATE=utf8mb4_general_ci;

INSERT INTO app_entity_45 VALUES
('1','0','0','0','1730899503','1730975768','7','0','3','24','barang','12','4','1','0','','','0','0','7','','13','16','Paijo',''),
('2','0','0','0','1731036158','1731036448','7','0','2','28','TES','23','0','5','0','','','0','0','7','','13','16','yudi',''),
('3','0','0','0','1731036590','0','7','0','','','','','0','','0','','','0','0','7','','','16','','');

CREATE TABLE IF NOT EXISTS `app_entity_45_values` (
  `id` int(11) unsigned NOT NULL AUTO_INCREMENT,
  `items_id` int(11) unsigned NOT NULL,
  `fields_id` int(11) unsigned NOT NULL,
  `value` int(11) unsigned NOT NULL,
  PRIMARY KEY (`id`),
  KEY `idx_items_id` (`items_id`),
  KEY `idx_fields_id` (`fields_id`),
  KEY `idx_items_fields_id` (`items_id`,`fields_id`),
  KEY `idx_value_id` (`value`)
) ENGINE=InnoDB AUTO_INCREMENT=24 DEFAULT CHARSET=utf8mb4 COLLATE=utf8mb4_general_ci;

INSERT INTO app_entity_45_values VALUES
('1','1','495','16'),
('2','1','482','24'),
('4','1','492','7'),
('5','1','486','1'),
('6','1','481','3'),
('7','1','484','12'),
('8','1','485','4'),
('9','1','494','13'),
('14','2','495','16'),
('15','2','482','28'),
('16','2','486','5'),
('17','2','481','2'),
('18','2','484','23'),
('19','2','494','13'),
('20','2','492','7'),
('21','3','495','16'),
('22','3','482','0'),
('23','3','492','7');

CREATE TABLE IF NOT EXISTS `app_favorites` (
  `id` int(11) NOT NULL AUTO_INCREMENT,
  `users_id` int(11) NOT NULL,
  `entities_id` int(11) NOT NULL,
  `items_id` int(11) NOT NULL,
  PRIMARY KEY (`id`),
  KEY `idx_users_id` (`users_id`),
  KEY `idx_entities_id` (`entities_id`),
  KEY `idx_items_Id` (`items_id`)
) ENGINE=InnoDB DEFAULT CHARSET=utf8mb4 COLLATE=utf8mb4_general_ci;

CREATE TABLE IF NOT EXISTS `app_fields` (
  `id` int(11) NOT NULL AUTO_INCREMENT,
  `entities_id` int(11) NOT NULL,
  `forms_tabs_id` int(11) NOT NULL,
  `comments_forms_tabs_id` int(11) NOT NULL DEFAULT 0,
  `forms_rows_position` varchar(255) NOT NULL,
  `type` varchar(64) NOT NULL,
  `name` varchar(255) NOT NULL,
  `short_name` varchar(64) NOT NULL,
  `is_heading` tinyint(1) DEFAULT 0,
  `tooltip` text NOT NULL,
  `tooltip_display_as` varchar(16) NOT NULL,
  `tooltip_in_item_page` tinyint(1) NOT NULL DEFAULT 0,
  `tooltip_item_page` text NOT NULL,
  `notes` text NOT NULL,
  `is_required` tinyint(1) DEFAULT 0,
  `required_message` text NOT NULL,
  `configuration` text NOT NULL,
  `sort_order` int(11) DEFAULT 0,
  `listing_status` tinyint(4) NOT NULL DEFAULT 0,
  `listing_sort_order` int(11) NOT NULL DEFAULT 0,
  `comments_status` tinyint(1) NOT NULL DEFAULT 0,
  `comments_sort_order` int(11) NOT NULL DEFAULT 0,
  PRIMARY KEY (`id`),
  KEY `idx_entities_id` (`entities_id`),
  KEY `idx_form_tabs_id` (`forms_tabs_id`),
  KEY `idx_comments_forms_tabs_id` (`comments_forms_tabs_id`),
  KEY `idx_type` (`type`)
) ENGINE=InnoDB AUTO_INCREMENT=498 DEFAULT CHARSET=utf8mb4 COLLATE=utf8mb4_general_ci;

INSERT INTO app_fields VALUES
('1','1','1','0','','fieldtype_action','','',NULL,'','','0','','',NULL,'','',NULL,'1','0','0','0'),
('2','1','1','0','','fieldtype_id','','',NULL,'','','0','','',NULL,'','',NULL,'1','1','0','0'),
('3','1','1','0','','fieldtype_date_added','','',NULL,'','','0','','',NULL,'','',NULL,'0','0','0','0'),
('4','1','1','0','','fieldtype_created_by','','',NULL,'','','0','','',NULL,'','',NULL,'0','0','0','0'),
('5','1','1','0','','fieldtype_user_status','','',NULL,'','','0','','',NULL,'','','0','1','7','0','0'),
('6','1','1','0','','fieldtype_user_accessgroups','','',NULL,'','','0','','',NULL,'','','1','1','2','0','0'),
('7','1','1','0','','fieldtype_user_firstname','','',NULL,'','','0','','',NULL,'','{\"allow_search\":\"1\"}','3','1','4','0','0'),
('8','1','1','0','','fieldtype_user_lastname','','',NULL,'','','0','','',NULL,'','{\"allow_search\":\"1\"}','4','1','5','0','0'),
('9','1','1','0','','fieldtype_user_email','','',NULL,'','','0','','',NULL,'','{\"allow_search\":\"1\"}','6','1','6','0','0'),
('10','1','1','0','','fieldtype_user_photo','','',NULL,'','','0','','',NULL,'','','5','0','0','0','0'),
('12','1','1','0','','fieldtype_user_username','','','1','','','0','','',NULL,'','{\"allow_search\":\"1\"}','2','1','3','0','0'),
('13','1','1','0','','fieldtype_user_language','','','0','','','0','','','0','','','7','0','0','0','0'),
('14','1','1','0','','fieldtype_user_skin','','','0','','','0','','','0','','','0','0','0','0','0'),
('196','1','1','0','','fieldtype_parent_item_id','','',NULL,'','','0','','',NULL,'','',NULL,'1','100','0','0'),
('201','1','1','0','','fieldtype_user_last_login_date','','','0','','','0','','','0','','','0','0','0','0','0'),
('202','1','1','0','','fieldtype_date_updated','','','0','','','0','','','0','','','3','0','0','0','0'),
('207','25','30','0','','fieldtype_action','','','0','','','0','','','0','','','0','1','7','0','0'),
('208','25','30','0','','fieldtype_id','','','0','','','0','','','0','','','1','1','0','0','0'),
('209','25','30','0','','fieldtype_date_added','','','0','','','0','','','0','','','2','0','0','0','0'),
('210','25','30','0','','fieldtype_date_updated','','','0','','','0','','','0','','','3','0','0','0','0'),
('211','25','30','0','','fieldtype_created_by','','','0','','','0','','','0','','','4','0','0','0','0'),
('212','25','30','0','','fieldtype_parent_item_id','','','0','','','0','','','0','','','5','1','5','0','0'),
('213','26','31','0','','fieldtype_action','','','0','','','0','','','0','','','0','1','10','0','0'),
('214','26','31','0','','fieldtype_id','','','0','','','0','','','0','','','1','1','0','0','0'),
('215','26','31','0','','fieldtype_date_added','','','0','','','0','','','0','','','2','0','0','0','0'),
('216','26','31','0','','fieldtype_date_updated','','','0','','','0','','','0','','','3','0','0','0','0'),
('217','26','31','0','','fieldtype_created_by','','','0','','','0','','','0','','','4','0','0','0','0'),
('218','26','31','0','','fieldtype_parent_item_id','','','0','','','0','','','0','','','5','0','0','0','0'),
('219','27','32','0','','fieldtype_action','','','0','','','0','','','0','','','0','1','7','0','0'),
('220','27','32','0','','fieldtype_id','','','0','','','0','','','0','','','1','1','0','0','0'),
('221','27','32','0','','fieldtype_date_added','','','0','','','0','','','0','','','2','0','0','0','0'),
('222','27','32','0','','fieldtype_date_updated','','','0','','','0','','','0','','','3','0','0','0','0'),
('223','27','32','0','','fieldtype_created_by','','','0','','','0','','','0','','','4','0','0','0','0'),
('224','27','32','0','','fieldtype_parent_item_id','','','0','','','0','','','0','','','5','0','0','0','0'),
('225','28','33','0','','fieldtype_action','','','0','','','0','','','0','','','0','1','5','0','0'),
('226','28','33','0','','fieldtype_id','','','0','','','0','','','0','','','1','1','0','0','0'),
('227','28','33','0','','fieldtype_date_added','','','0','','','0','','','0','','','2','0','0','0','0'),
('228','28','33','0','','fieldtype_date_updated','','','0','','','0','','','0','','','3','0','0','0','0'),
('229','28','33','0','','fieldtype_created_by','','','0','','','0','','','0','','','4','0','0','0','0'),
('230','28','33','0','','fieldtype_parent_item_id','','','0','','','0','','','0','','','5','1','4','0','0'),
('231','29','34','0','','fieldtype_action','','','0','','','0','','','0','','','0','1','8','0','0'),
('232','29','34','0','','fieldtype_id','','','0','','','0','','','0','','','1','1','0','0','0'),
('233','29','34','0','','fieldtype_date_added','','','0','','','0','','','0','','','2','0','0','0','0'),
('234','29','34','0','','fieldtype_date_updated','','','0','','','0','','','0','','','3','0','0','0','0'),
('235','29','34','0','','fieldtype_created_by','','','0','','','0','','','0','','','4','0','0','0','0'),
('236','29','34','0','','fieldtype_parent_item_id','','','0','','','0','','','0','','','5','0','0','0','0'),
('237','25','30','0','','fieldtype_input','Nama Aset','','1','','','0','','','1','','{\"allow_search\":\"1\",\"width\":\"input-medium\",\"default_value\":\"\",\"is_unique\":\"0\",\"unique_error_msg\":\"\"}','0','1','1','0','0'),
('238','25','30','0','','fieldtype_entity','Kategori','','0','','','0','','','0','','{\"entity_id\":\"25\",\"display_as\":\"dropdown\",\"default_text\":\"\",\"width\":\"input-medium\",\"allow_search\":\"1\",\"fields_in_popup\":\"\"}','1','1','2','0','0'),
('239','25','30','0','','fieldtype_entity','Model','','0','','','0','','','0','','{\"entity_id\":\"26\",\"display_as\":\"dropdown\",\"default_text\":\"\",\"width\":\"input-medium\",\"allow_search\":\"1\",\"fields_in_popup\":\"\"}','3','0','0','0','0'),
('240','25','30','0','','fieldtype_entity','Merek','','0','','','0','','','0','','{\"entity_id\":\"27\",\"display_as\":\"dropdown\",\"default_text\":\"\",\"width\":\"input-medium\",\"allow_search\":\"1\",\"fields_in_popup\":\"\"}','2','1','3','0','0'),
('241','25','30','0','','fieldtype_input','No. SN','','0','','','0','','','0','','{\"width\":\"input-medium\",\"default_value\":\"\",\"is_unique\":\"0\",\"unique_error_msg\":\"\"}','4','0','0','0','0'),
('242','25','30','0','','fieldtype_input','Mac Address','','0','','','0','','','0','','{\"width\":\"input-medium\",\"default_value\":\"\",\"is_unique\":\"0\",\"unique_error_msg\":\"\"}','5','0','0','0','0'),
('243','25','30','0','','fieldtype_input_ip','IP Address','','0','','','0','','','0','','{\"is_unique\":\"0\",\"unique_error_msg\":\"\"}','6','0','0','0','0'),
('244','25','30','0','','fieldtype_textarea','Spesifikasi Singkat','','0','','','0','','','0','','{\"width\":\"input-medium\",\"allow_search\":\"1\"}','9','0','0','0','0'),
('245','25','35','0','','fieldtype_entity','Pengguna','','0','','','0','','','0','','{\"entity_id\":\"28\",\"display_as\":\"dropdown\",\"default_text\":\"\",\"width\":\"input-medium\",\"allow_search\":\"1\",\"fields_in_popup\":\"\"}','0','1','4','0','0'),
('246','25','35','0','','fieldtype_entity','Unit','','0','','','0','','','0','','{\"entity_id\":\"29\",\"display_as\":\"dropdown\",\"default_text\":\"\",\"width\":\"input-medium\",\"allow_search\":\"1\",\"fields_in_popup\":\"\"}','1','1','5','0','0'),
('247','25','35','0','','fieldtype_input','Lokasi Aset','','0','','','0','','','0','','{\"width\":\"input-medium\",\"default_value\":\"\",\"is_unique\":\"0\",\"unique_error_msg\":\"\"}','2','0','0','0','0'),
('248','25','30','0','','fieldtype_dropdown','Kondisi Aset','','0','','','0','','','0','','{\"default_text\":\"\",\"width\":\"input-medium\",\"use_search\":\"0\",\"use_global_list\":\"1\",\"display_parent_name\":\"0\",\"parent_name_separator\":\":\"}','10','1','6','0','0'),
('249','25','30','0','','fieldtype_attachments','Upload File','','0','','','0','','','0','','{\"upload_limit\":\"\",\"upload_size_limit\":\"\",\"allowed_extensions\":\"\"}','7','0','0','0','0'),
('250','25','35','0','','fieldtype_input','Keterangan','','0','','','0','','','0','','{\"width\":\"input-medium\",\"default_value\":\"\",\"is_unique\":\"0\",\"unique_error_msg\":\"\"}','4','0','0','0','0'),
('251','25','35','0','','fieldtype_input_date','Tahun Pembelian','','0','','','0','','','0','','{\"date_format\":\"d\\/m\\/Y\",\"default_value\":\"\",\"min_date\":\"\",\"max_date\":\"\",\"is_unique\":\"0\",\"unique_error_msg\":\"\",\"background\":\"\",\"day_before_date\":\"\",\"day_before_date_color\":\"\",\"day_before_date2\":\"\",\"day_before_date2_color\":\"\",\"disable_color_by_field\":\"\"}','3','0','0','0','0'),
('252','25','30','0','','fieldtype_input','Kode Aset','','0','','','0','','','0','','{\"width\":\"input-medium\",\"default_value\":\"\",\"is_unique\":\"0\",\"unique_error_msg\":\"\"}','8','0','0','0','0'),
('253','26','31','0','','fieldtype_entity','Unit Pengaju','','0','','','0','','','0','','{\"entity_id\":\"34\",\"display_as\":\"dropdown\",\"default_text\":\"\",\"default_value\":\"\",\"width\":\"input-medium\",\"allow_search\":\"1\",\"hide_field_if_empty\":\"1\",\"fields_in_popup\":\"\"}','4','1','5','0','0'),
('254','26','31','0','','fieldtype_tags','Nama Pengaju','','0','','','0','','','0','','{\"width\":\"input-medium\",\"display_as\":\"dropdown_multiple\",\"default_text\":\"\",\"auto_create_tag\":\"1\",\"allow_search\":\"1\",\"display_choices_values\":\"1\",\"use_global_list\":\"2\"}','2','1','2','0','0'),
('255','26','31','0','','fieldtype_input','Judul Pengajuan','','1','','','0','','','0','','{\"allow_search\":\"1\",\"width\":\"input-medium\",\"default_value\":\"\",\"is_unique\":\"0\",\"unique_error_msg\":\"\"}','0','1','1','0','0'),
('259','26','36','0','','fieldtype_input_datetime','Jadwal Pelaksanaan','','0','','','0','','','0','','{\"date_format\":\"d\\/m\\/Y\",\"date_format_in_calendar\":\"yyyy-mm-dd hh:ii\",\"default_value\":\"\",\"min_date\":\"0\",\"max_date\":\"\",\"is_unique\":\"0\",\"unique_error_msg\":\"\",\"background\":\"\",\"day_before_date\":\"\",\"day_before_date_color\":\"\",\"day_before_date2\":\"\",\"day_before_date2_color\":\"\",\"disable_color_by_field\":\"\"}','0','0','0','1','2'),
('260','26','36','0','','fieldtype_input','Diagnosa Kerusakan','','0','','','0','','','0','','{\"width\":\"input-medium\",\"default_value\":\"\",\"is_unique\":\"0\",\"unique_error_msg\":\"\"}','2','0','0','1','3'),
('261','26','36','0','','fieldtype_input','Pemecahan Masalah','','0','','','0','','','0','','{\"width\":\"input-medium\",\"default_value\":\"\",\"is_unique\":\"0\",\"unique_error_msg\":\"\"}','3','0','0','1','4'),
('262','26','36','0','','fieldtype_input_datetime','Waktu Pengerjaan','','0','','','0','','','0','','{\"date_format\":\"d\\/m\\/Y\",\"date_format_in_calendar\":\"yyyy-mm-dd hh:ii\",\"default_value\":\"\",\"min_date\":\"\",\"max_date\":\"\",\"is_unique\":\"0\",\"unique_error_msg\":\"\",\"background\":\"\",\"day_before_date\":\"\",\"day_before_date_color\":\"\",\"day_before_date2\":\"\",\"day_before_date2_color\":\"\",\"disable_color_by_field\":\"\"}','4','0','0','1','5'),
('263','26','36','0','','fieldtype_input_datetime','Waktu Selesai','','0','','','0','','','0','','{\"date_format\":\"d\\/m\\/Y\",\"date_format_in_calendar\":\"yyyy-mm-dd hh:ii\",\"default_value\":\"\",\"min_date\":\"\",\"max_date\":\"\",\"is_unique\":\"0\",\"unique_error_msg\":\"\",\"background\":\"\",\"day_before_date\":\"\",\"day_before_date_color\":\"\",\"day_before_date2\":\"\",\"day_before_date2_color\":\"\",\"disable_color_by_field\":\"\"}','5','0','0','1','6'),
('264','26','36','0','','fieldtype_dropdown','Status Pengerjaan','','0','','','0','','','0','','{\"default_text\":\"\",\"width\":\"input-medium\",\"use_search\":\"0\",\"use_global_list\":\"3\",\"display_parent_name\":\"0\",\"parent_name_separator\":\":\"}','8','1','8','1','7'),
('265','26','36','0','','fieldtype_input','Catatan','','0','','','0','','','0','','{\"width\":\"input-medium\",\"default_value\":\"\",\"is_unique\":\"0\",\"unique_error_msg\":\"\"}','7','0','0','1','8'),
('266','26','36','0','','fieldtype_tags','Yang Mengerjakan','','0','','','0','','','1','','{\"width\":\"input-medium\",\"display_as\":\"dropdown_multiple\",\"default_text\":\"\",\"auto_create_tag\":\"1\",\"allow_search\":\"1\",\"display_choices_values\":\"1\",\"use_global_list\":\"3\"}','6','1','9','1','9'),
('267','26','31','0','','fieldtype_checkboxes','Apakah diperlukan segera?','Urgentcy','0','','','0','','','0','','{\"display_as\":\"list-column-1\",\"text_select_all\":\"Segera\",\"use_global_list\":\"\"}','5','1','4','0','0'),
('268','27','32','0','','fieldtype_input_date','Tanggal','','1','','','0','','','0','','{\"date_format\":\"d\\/m\\/Y\",\"default_value\":\"\",\"min_date\":\"\",\"max_date\":\"\",\"is_unique\":\"0\",\"unique_error_msg\":\"\",\"background\":\"\",\"day_before_date\":\"\",\"day_before_date_color\":\"\",\"day_before_date2\":\"\",\"day_before_date2_color\":\"\",\"disable_color_by_field\":\"\"}','4','1','1','0','0'),
('269','27','32','0','','fieldtype_parent_value','Nama Aset','','0','','','0','','','0','','{\"field_id\":\"237\"}','5','1','2','0','0'),
('270','27','32','0','','fieldtype_parent_value','Kategori Aset','','0','','','0','','','0','','{\"field_id\":\"238\"}','6','1','3','0','0'),
('271','27','32','0','','fieldtype_input','Temuan','','0','','','0','','','0','','{\"width\":\"input-medium\",\"default_value\":\"\",\"is_unique\":\"0\",\"unique_error_msg\":\"\"}','7','1','4','0','0'),
('272','27','32','0','','fieldtype_input','Tindakan','','0','','','0','','','0','','{\"width\":\"input-medium\",\"default_value\":\"\",\"is_unique\":\"0\",\"unique_error_msg\":\"\"}','8','1','5','0','0'),
('273','27','32','0','','fieldtype_dropdown','Status Pengerjaan','','0','','','0','','','0','','{\"default_text\":\"\",\"width\":\"input-medium\",\"use_search\":\"0\",\"use_global_list\":\"4\",\"display_parent_name\":\"0\",\"parent_name_separator\":\":\"}','9','0','0','0','0'),
('274','27','32','0','','fieldtype_dropdown_multiple','Yang Mengerjakan','','0','','','0','','','0','','{\"width\":\"input-medium\",\"use_global_list\":\"3\"}','10','1','6','0','0'),
('275','27','32','0','','fieldtype_input','Catatan','','0','','','0','','','0','','{\"width\":\"input-medium\",\"default_value\":\"\",\"is_unique\":\"0\",\"unique_error_msg\":\"\"}','11','0','0','0','0'),
('276','27','32','0','','fieldtype_dropdown','Konsisi Aset','','0','','','0','','','0','','{\"default_text\":\"\",\"width\":\"input-medium\",\"use_search\":\"0\",\"use_global_list\":\"1\",\"display_parent_name\":\"0\",\"parent_name_separator\":\":\"}','12','0','0','0','0'),
('277','28','33','0','','fieldtype_input_date','Waktu','Waktu','1','','','0','','','1','','{\"date_format\":\"\",\"default_value\":\"\",\"min_date\":\"\",\"max_date\":\"\",\"is_unique\":\"0\",\"unique_error_msg\":\"\",\"background\":\"\",\"day_before_date\":\"\",\"day_before_date_color\":\"\",\"day_before_date2\":\"\",\"day_before_date2_color\":\"\",\"disable_color_by_field\":\"\"}','6','1','1','0','0'),
('278','28','33','0','','fieldtype_entity','Lokasi Sebelumnya','Lokasi Sebelumnya','0','','','0','','','1','','{\"entity_id\":\"34\",\"display_as\":\"dropdown\",\"default_text\":\"\",\"default_value\":\"\",\"width\":\"input-medium\",\"fields_in_popup\":\"\"}','7','1','2','0','0'),
('279','28','33','0','','fieldtype_entity','Lokasi Saat ini','Lokasi Saat Ini','0','','','0','','','1','','{\"entity_id\":\"34\",\"display_as\":\"dropdown\",\"default_text\":\"\",\"default_value\":\"\",\"width\":\"input-medium\",\"fields_in_popup\":\"\"}','8','1','3','0','0'),
('280','28','33','0','','fieldtype_input','Alasan Pemindahan','Alasan Pemindahan','0','','','0','','','1','','{\"width\":\"input-xlarge\",\"default_value\":\"\",\"is_unique\":\"0\",\"unique_error_msg\":\"\"}','9','0','0','0','0'),
('281','28','33','0','','fieldtype_image','Upload File','Upload File','0','File Dapat Berupa Berita Pemindahan/ Mutasi Barang','','1','','','0','','{\"width\":\"input-small\",\"width_in_listing\":\"\",\"allowed_extensions\":\"\"}','10','0','0','0','0'),
('292','30','37','0','','fieldtype_action','','','0','','','0','','','0','','','0','1','2','0','0'),
('293','30','37','0','','fieldtype_id','','','0','','','0','','','0','','','1','1','0','0','0'),
('294','30','37','0','','fieldtype_date_added','','','0','','','0','','','0','','','2','0','0','0','0'),
('295','30','37','0','','fieldtype_date_updated','','','0','','','0','','','0','','','3','0','0','0','0'),
('296','30','37','0','','fieldtype_created_by','','','0','','','0','','','0','','','4','0','0','0','0'),
('297','30','37','0','','fieldtype_parent_item_id','','','0','','','0','','','0','','','5','1','5','0','0'),
('298','30','37','0','','fieldtype_input','Nama Kategori','','1','','','0','','','1','','{\"allow_search\":\"1\",\"width\":\"input-large\",\"default_value\":\"\",\"is_unique\":\"0\",\"unique_error_msg\":\"\"}','6','1','1','0','0'),
('299','31','38','0','','fieldtype_action','','','0','','','0','','','0','','','0','1','2','0','0'),
('300','31','38','0','','fieldtype_id','','','0','','','0','','','0','','','1','1','0','0','0'),
('301','31','38','0','','fieldtype_date_added','','','0','','','0','','','0','','','2','0','0','0','0'),
('302','31','38','0','','fieldtype_date_updated','','','0','','','0','','','0','','','3','0','0','0','0'),
('303','31','38','0','','fieldtype_created_by','','','0','','','0','','','0','','','4','0','0','0','0');

INSERT INTO app_fields VALUES
('304','31','38','0','','fieldtype_parent_item_id','','','0','','','0','','','0','','','5','1','5','0','0'),
('305','31','38','0','','fieldtype_input','Nama Merek','','1','','','0','','','1','','{\"allow_search\":\"1\",\"width\":\"input-medium\",\"default_value\":\"\",\"is_unique\":\"0\",\"unique_error_msg\":\"\"}','6','1','1','0','0'),
('306','32','39','0','','fieldtype_action','','','0','','','0','','','0','','','0','1','2','0','0'),
('307','32','39','0','','fieldtype_id','','','0','','','0','','','0','','','1','1','0','0','0'),
('308','32','39','0','','fieldtype_date_added','','','0','','','0','','','0','','','2','0','0','0','0'),
('309','32','39','0','','fieldtype_date_updated','','','0','','','0','','','0','','','3','0','0','0','0'),
('310','32','39','0','','fieldtype_created_by','','','0','','','0','','','0','','','4','0','0','0','0'),
('311','32','39','0','','fieldtype_parent_item_id','','','0','','','0','','','0','','','5','1','5','0','0'),
('312','32','39','0','','fieldtype_input','Nama Model','','1','','','0','','','1','','{\"allow_search\":\"1\",\"width\":\"input-medium\",\"default_value\":\"\",\"is_unique\":\"0\",\"unique_error_msg\":\"\"}','6','1','1','0','0'),
('313','33','40','0','','fieldtype_action','','','0','','','0','','','0','','','0','1','2','0','0'),
('314','33','40','0','','fieldtype_id','','','0','','','0','','','0','','','1','1','0','0','0'),
('315','33','40','0','','fieldtype_date_added','','','0','','','0','','','0','','','2','0','0','0','0'),
('316','33','40','0','','fieldtype_date_updated','','','0','','','0','','','0','','','3','0','0','0','0'),
('317','33','40','0','','fieldtype_created_by','','','0','','','0','','','0','','','4','0','0','0','0'),
('318','33','40','0','','fieldtype_parent_item_id','','','0','','','0','','','0','','','5','1','5','0','0'),
('319','33','40','0','','fieldtype_input','Nama','','1','','','0','','','0','','{\"allow_search\":\"1\",\"width\":\"input-medium\",\"default_value\":\"\",\"is_unique\":\"0\",\"unique_error_msg\":\"\"}','6','1','1','0','0'),
('320','34','41','0','','fieldtype_action','','','0','','','0','','','0','','','0','1','2','0','0'),
('321','34','41','0','','fieldtype_id','','','0','','','0','','','0','','','1','1','0','0','0'),
('322','34','41','0','','fieldtype_date_added','','','0','','','0','','','0','','','2','0','0','0','0'),
('323','34','41','0','','fieldtype_date_updated','','','0','','','0','','','0','','','3','0','0','0','0'),
('324','34','41','0','','fieldtype_created_by','','','0','','','0','','','0','','','4','0','0','0','0'),
('325','34','41','0','','fieldtype_parent_item_id','','','0','','','0','','','0','','','5','1','5','0','0'),
('326','34','41','0','','fieldtype_input','Unit Pengguna','','1','','','0','','','0','','{\"width\":\"input-medium\",\"default_value\":\"\",\"is_unique\":\"0\",\"unique_error_msg\":\"\"}','6','1','1','0','0'),
('327','35','42','0','','fieldtype_action','','','0','','','0','','','0','','','0','1','0','0','0'),
('328','35','42','0','','fieldtype_id','','','0','','','0','','','0','','','1','1','1','0','0'),
('329','35','42','0','','fieldtype_date_added','','','0','','','0','','','0','','','2','1','2','0','0'),
('330','35','42','0','','fieldtype_date_updated','','','0','','','0','','','0','','','3','1','3','0','0'),
('331','35','42','0','','fieldtype_created_by','','','0','','','0','','','0','','','4','1','4','0','0'),
('332','35','42','0','','fieldtype_parent_item_id','','','0','','','0','','','0','','','5','1','5','0','0'),
('333','35','42','0','','fieldtype_input_datetime','Agenda Tanggal','','0','','','0','','','1','','{\"date_format\":\"d\\/m\\/Y\",\"date_format_in_calendar\":\"yyyy-mm-dd hh:ii\",\"default_value\":\"\",\"min_date\":\"\",\"max_date\":\"\",\"is_unique\":\"0\",\"unique_error_msg\":\"\",\"background\":\"\",\"day_before_date\":\"\",\"day_before_date_color\":\"\",\"day_before_date2\":\"\",\"day_before_date2_color\":\"\",\"disable_color_by_field\":\"\"}','0','1','2','1','0'),
('334','35','42','0','','fieldtype_input','Judul Kegiatan','','0','','','0','','','1','','{\"allow_search\":\"1\",\"width\":\"input-medium\",\"default_value\":\"\",\"is_unique\":\"0\",\"unique_error_msg\":\"\"}','1','1','3','0','0'),
('335','35','42','0','','fieldtype_tags','Kategori Kegiatan','','0','','','0','','','0','','{\"width\":\"input-medium\",\"display_as\":\"dropdown\",\"default_text\":\"\",\"allow_search\":\"1\",\"use_global_list\":\"6\"}','0','1','6','1','1'),
('336','35','42','0','','fieldtype_input_datetime','Mulai','','0','','','0','','','0','','{\"date_format\":\"d\\/m\\/Y\",\"date_format_in_calendar\":\"yyyy-mm-dd hh:ii\",\"default_value\":\"\",\"min_date\":\"\",\"max_date\":\"\",\"is_unique\":\"0\",\"unique_error_msg\":\"\",\"background\":\"\",\"day_before_date\":\"\",\"day_before_date_color\":\"\",\"day_before_date2\":\"\",\"day_before_date2_color\":\"\",\"disable_color_by_field\":\"\"}','1','0','0','1','2'),
('337','35','42','0','','fieldtype_input_datetime','Selesai','','0','','','0','','','0','','{\"date_format\":\"\",\"date_format_in_calendar\":\"yyyy-mm-dd hh:ii\",\"default_value\":\"\",\"min_date\":\"\",\"max_date\":\"\",\"is_unique\":\"0\",\"unique_error_msg\":\"\",\"background\":\"\",\"day_before_date\":\"\",\"day_before_date_color\":\"\",\"day_before_date2\":\"\",\"day_before_date2_color\":\"\",\"disable_color_by_field\":\"\"}','2','0','0','1','3'),
('338','35','42','0','','fieldtype_dropdown','Status Kegiatan','','0','','','0','','','0','','{\"default_text\":\"\",\"width\":\"input-medium\",\"use_search\":\"0\",\"use_global_list\":\"4\",\"display_parent_name\":\"0\",\"parent_name_separator\":\":\"}','3','1','8','1','4'),
('339','35','42','0','','fieldtype_textarea','Catatan','','0','','','0','','','0','','{\"width\":\"input-medium\",\"allow_search\":\"1\",\"hide_field_if_empty\":\"1\"}','4','0','0','1','5'),
('340','35','42','0','','fieldtype_attachments','Dokumentasi','','0','','','0','','','0','','{\"upload_limit\":\"\",\"upload_size_limit\":\"\",\"allowed_extensions\":\"\",\"play_audio_file\":\"1\"}','5','0','0','0','0'),
('341','35','42','0','','fieldtype_tags','Yang Mengerjakan','','0','','','0','','','0','','{\"width\":\"input-medium\",\"display_as\":\"dropdown_multiple\",\"default_text\":\"\",\"use_global_list\":\"3\"}','6','0','0','1','6'),
('342','35','42','0','','fieldtype_tags','Pengaju Kegiatan','','0','','','0','','','0','','{\"width\":\"input-medium\",\"display_as\":\"dropdown\",\"default_text\":\"\",\"allow_search\":\"1\",\"hide_field_if_empty\":\"1\",\"display_choices_values\":\"1\",\"use_global_list\":\"2\"}','2','1','5','0','0'),
('343','35','42','0','','fieldtype_radioboxes','Apakah diperlukan segera?','Urgentcy','0','','','0','','','1','','{\"display_as\":\"list-column-1\",\"use_global_list\":\"8\"}','3','1','4','0','0'),
('344','36','43','0','','fieldtype_action','','','0','','','0','','','0','','','0','1','8','0','0'),
('345','36','43','0','','fieldtype_id','','','0','','','0','','','0','','','1','1','0','0','0'),
('346','36','43','0','','fieldtype_date_added','','','0','','','0','','','0','','','2','0','0','0','0'),
('347','36','43','0','','fieldtype_date_updated','','','0','','','0','','','0','','','3','0','0','0','0'),
('348','36','43','0','','fieldtype_created_by','','','0','','','0','','','0','','','4','0','0','0','0'),
('349','36','43','0','','fieldtype_parent_item_id','','','0','','','0','','','0','','','5','1','5','0','0'),
('356','38','45','0','','fieldtype_action','','','0','','','0','','','0','','','0','1','0','0','0'),
('357','38','45','0','','fieldtype_id','','','0','','','0','','','0','','','1','1','1','0','0'),
('358','38','45','0','','fieldtype_date_added','','','0','','','0','','','0','','','2','1','2','0','0'),
('359','38','45','0','','fieldtype_date_updated','','','0','','','0','','','0','','','3','1','3','0','0'),
('360','38','45','0','','fieldtype_created_by','','','0','','','0','','','0','','','4','1','4','0','0'),
('361','38','45','0','','fieldtype_parent_item_id','','','0','','','0','','','0','','','5','1','5','0','0'),
('362','39','46','0','','fieldtype_action','','','0','','','0','','','0','','','0','1','8','0','0'),
('363','39','46','0','','fieldtype_id','','','0','','','0','','','0','','','1','1','0','0','0'),
('364','39','46','0','','fieldtype_date_added','','','0','','','0','','','0','','','2','0','0','0','0'),
('365','39','46','0','','fieldtype_date_updated','','','0','','','0','','','0','','','3','1','6','0','0'),
('366','39','46','0','','fieldtype_created_by','','','0','','','0','','','0','','','4','0','0','0','0'),
('367','39','46','0','','fieldtype_parent_item_id','','','0','','','0','','','0','','','5','0','0','0','0'),
('368','40','47','0','','fieldtype_action','','','0','','','0','','','0','','','0','1','0','0','0'),
('369','40','47','0','','fieldtype_id','','','0','','','0','','','0','','','1','1','1','0','0'),
('370','40','47','0','','fieldtype_date_added','','','0','','','0','','','0','','','2','1','2','0','0'),
('371','40','47','0','','fieldtype_date_updated','','','0','','','0','','','0','','','3','1','3','0','0'),
('372','40','47','0','','fieldtype_created_by','','','0','','','0','','','0','','','4','1','4','0','0'),
('373','40','47','0','','fieldtype_parent_item_id','','','0','','','0','','','0','','','5','1','5','0','0'),
('374','36','43','0','','fieldtype_input','Nama Aset','','1','','','0','','','1','','{\"allow_search\":\"1\",\"width\":\"input-medium\",\"default_value\":\"\",\"is_unique\":\"0\",\"unique_error_msg\":\"\"}','0','1','1','0','0'),
('375','36','43','0','','fieldtype_entity','Kategori','','0','','','0','','','0','','{\"entity_id\":\"30\",\"display_as\":\"dropdown\",\"default_text\":\"\",\"default_value\":\"\",\"width\":\"input-medium\",\"allow_search\":\"1\",\"fields_in_popup\":\"\"}','2','1','2','0','0'),
('376','36','43','0','','fieldtype_entity','Model','','0','','','0','','','0','','{\"entity_id\":\"32\",\"display_as\":\"dropdown\",\"default_text\":\"\",\"default_value\":\"\",\"width\":\"input-medium\",\"allow_search\":\"1\",\"fields_in_popup\":\"\"}','4','0','0','0','0'),
('377','36','43','0','','fieldtype_entity','Merek','','0','','','0','','','0','','{\"entity_id\":\"31\",\"display_as\":\"dropdown\",\"default_text\":\"\",\"default_value\":\"\",\"width\":\"input-medium\",\"allow_search\":\"1\",\"fields_in_popup\":\"\"}','3','1','3','0','0'),
('378','36','43','0','','fieldtype_input','No. SN','','0','','','0','','','0','','{\"width\":\"input-medium\",\"default_value\":\"\",\"is_unique\":\"0\",\"unique_error_msg\":\"\"}','5','0','0','0','0'),
('379','36','43','0','','fieldtype_input','Mac Address','','0','','','0','','','0','','{\"width\":\"input-medium\",\"default_value\":\"\",\"is_unique\":\"0\",\"unique_error_msg\":\"\"}','6','0','0','0','0'),
('380','36','43','0','','fieldtype_input_ip','IP Address','','0','','','0','','','0','','{\"is_unique\":\"0\",\"unique_error_msg\":\"\"}','7','0','0','0','0'),
('381','36','43','0','','fieldtype_textarea','Spesifikasi Singkat','','0','','','0','','','0','','{\"width\":\"input-medium\",\"allow_search\":\"1\"}','8','0','0','0','0'),
('382','36','43','0','','fieldtype_entity','Pengguna','','0','','','0','','','0','','{\"entity_id\":\"33\",\"display_as\":\"dropdown\",\"default_text\":\"\",\"default_value\":\"\",\"width\":\"input-medium\",\"allow_search\":\"1\",\"fields_in_popup\":\"\"}','1','1','4','0','0'),
('383','36','48','0','','fieldtype_entity','Unit','','0','','','0','','','0','','{\"entity_id\":\"34\",\"display_as\":\"dropdown\",\"default_text\":\"\",\"default_value\":\"\",\"width\":\"input-medium\",\"allow_search\":\"1\",\"fields_in_popup\":\"\"}','3','1','5','0','0'),
('384','36','48','0','','fieldtype_input','Lokasi Aset','','0','','','0','','','0','','{\"width\":\"input-medium\",\"default_value\":\"\",\"is_unique\":\"0\",\"unique_error_msg\":\"\"}','4','0','0','0','0'),
('385','36','48','0','','fieldtype_dropdown','Kondisi Aset','','0','','','0','','','0','','{\"default_text\":\"\",\"width\":\"input-medium\",\"use_search\":\"0\",\"use_global_list\":\"1\",\"display_parent_name\":\"0\",\"parent_name_separator\":\":\"}','1','1','6','0','0'),
('386','36','48','0','','fieldtype_attachments','Upload File','','0','','','0','','','0','','{\"upload_limit\":\"\",\"upload_size_limit\":\"\",\"allowed_extensions\":\"\"}','2','0','0','0','0'),
('387','36','48','0','','fieldtype_input','Keterangan','','0','','','0','','','0','','{\"width\":\"input-medium\",\"default_value\":\"\",\"is_unique\":\"0\",\"unique_error_msg\":\"\"}','6','0','0','0','0'),
('388','36','48','0','','fieldtype_input_date','Tahun Pembelian','','0','','','0','','','0','','{\"date_format\":\"d\\/m\\/Y\",\"default_value\":\"\",\"min_date\":\"\",\"max_date\":\"\",\"is_unique\":\"0\",\"unique_error_msg\":\"\",\"background\":\"\",\"day_before_date\":\"\",\"day_before_date_color\":\"\",\"day_before_date2\":\"\",\"day_before_date2_color\":\"\",\"disable_color_by_field\":\"\"}','5','0','0','0','0'),
('389','36','48','0','','fieldtype_input','Kode Aset','','0','','','0','','','0','','{\"width\":\"input-medium\",\"default_value\":\"\",\"is_unique\":\"0\",\"unique_error_msg\":\"\"}','0','0','0','0','0'),
('405','38','45','0','','fieldtype_input_date','Tanggal','','0','','','0','','','0','','{\"date_format\":\"d\\/m\\/Y\",\"default_value\":\"\",\"min_date\":\"\",\"max_date\":\"\",\"is_unique\":\"0\",\"unique_error_msg\":\"\",\"background\":\"\",\"day_before_date\":\"\",\"day_before_date_color\":\"\",\"day_before_date2\":\"\",\"day_before_date2_color\":\"\",\"disable_color_by_field\":\"\"}','4','1','1','0','0'),
('406','38','45','0','','fieldtype_parent_value','Nama Aset','','0','','','0','','','0','','{\"field_id\":\"374\"}','5','1','2','0','0'),
('407','38','45','0','','fieldtype_parent_value','Kategori Aset','','0','','','0','','','0','','{\"field_id\":\"375\"}','6','1','3','0','0'),
('408','38','45','0','','fieldtype_input','Temuan','','0','','','0','','','0','','{\"width\":\"input-medium\",\"default_value\":\"\",\"is_unique\":\"0\",\"unique_error_msg\":\"\"}','7','1','4','0','0'),
('409','38','45','0','','fieldtype_input','Tindakan','','0','','','0','','','0','','{\"width\":\"input-medium\",\"default_value\":\"\",\"is_unique\":\"0\",\"unique_error_msg\":\"\"}','8','1','5','0','0'),
('410','38','45','0','','fieldtype_dropdown','Status Pengerjaan','','0','','','0','','','0','','{\"default_text\":\"\",\"width\":\"input-medium\",\"use_search\":\"0\",\"use_global_list\":\"4\",\"display_parent_name\":\"0\",\"parent_name_separator\":\":\"}','9','0','0','0','0'),
('411','38','45','0','','fieldtype_dropdown_multiple','Yang Mengerjakan','','0','','','0','','','0','','{\"width\":\"input-medium\",\"use_global_list\":\"3\"}','10','1','6','0','0'),
('412','38','45','0','','fieldtype_input','Catatan','','0','','','0','','','0','','{\"width\":\"input-medium\",\"default_value\":\"\",\"is_unique\":\"0\",\"unique_error_msg\":\"\"}','11','0','0','0','0'),
('413','38','45','0','','fieldtype_dropdown','Konsisi Aset','','0','','','0','','','0','','{\"default_text\":\"\",\"width\":\"input-medium\",\"use_search\":\"0\",\"use_global_list\":\"1\",\"display_parent_name\":\"0\",\"parent_name_separator\":\":\"}','12','0','0','0','0'),
('414','39','46','0','','fieldtype_input_date','Waktu','Waktu','0','','','0','','','1','','{\"date_format\":\"\",\"default_value\":\"\",\"min_date\":\"\",\"max_date\":\"\",\"is_unique\":\"0\",\"unique_error_msg\":\"\",\"background\":\"\",\"day_before_date\":\"\",\"day_before_date_color\":\"\",\"day_before_date2\":\"\",\"day_before_date2_color\":\"\",\"disable_color_by_field\":\"\"}','1','1','3','0','0'),
('415','39','46','0','','fieldtype_entity','Lokasi Sebelumnya','Lokasi Sebelumnya','0','','','0','','','1','','{\"entity_id\":\"34\",\"display_as\":\"dropdown\",\"default_text\":\"\",\"default_value\":\"\",\"width\":\"input-medium\",\"fields_in_popup\":\"\"}','2','1','5','0','0'),
('416','39','46','0','','fieldtype_entity','Lokasi Saat ini','Lokasi Saat Ini','0','','','0','','','1','','{\"entity_id\":\"34\",\"display_as\":\"dropdown\",\"default_text\":\"\",\"default_value\":\"\",\"width\":\"input-medium\",\"fields_in_popup\":\"\"}','3','1','7','0','0'),
('417','39','46','0','','fieldtype_input','Alasan Pemindahan','Alasan Pemindahan','0','','','0','','','1','','{\"width\":\"input-xlarge\",\"default_value\":\"\",\"is_unique\":\"0\",\"unique_error_msg\":\"\"}','4','1','4','0','0'),
('418','39','46','0','','fieldtype_image','Upload File','Upload File','0','File Dapat Berupa Berita Pemindahan/ Mutasi Barang','','1','','','0','','{\"width\":\"input-small\",\"width_in_listing\":\"\",\"allowed_extensions\":\"\"}','5','0','0','0','0'),
('419','40','47','0','','fieldtype_input_date','Tanggal','','0','','','0','','','0','','{\"date_format\":\"d\\/m\\/Y\",\"default_value\":\"\",\"min_date\":\"\",\"max_date\":\"\",\"is_unique\":\"0\",\"unique_error_msg\":\"\",\"background\":\"\",\"day_before_date\":\"\",\"day_before_date_color\":\"\",\"day_before_date2\":\"\",\"day_before_date2_color\":\"\",\"disable_color_by_field\":\"\"}','4','1','1','0','0'),
('420','40','47','0','','fieldtype_parent_value','Nama Aset','','0','','','0','','','0','','{\"field_id\":\"374\"}','5','1','2','0','0'),
('421','40','47','0','','fieldtype_parent_value','Kategori Aset','','0','','','0','','','0','','{\"field_id\":\"375\"}','6','1','3','0','0'),
('422','40','47','0','','fieldtype_input','Temuan','','0','','','0','','','0','','{\"width\":\"input-medium\",\"default_value\":\"\",\"is_unique\":\"0\",\"unique_error_msg\":\"\"}','7','1','4','0','0'),
('423','40','47','0','','fieldtype_input','Tindakan','','0','','','0','','','0','','{\"width\":\"input-medium\",\"default_value\":\"\",\"is_unique\":\"0\",\"unique_error_msg\":\"\"}','8','1','5','0','0'),
('424','40','47','0','','fieldtype_dropdown','Status Pengerjaan','','0','','','0','','','0','','{\"default_text\":\"\",\"width\":\"input-medium\",\"use_search\":\"0\",\"use_global_list\":\"4\",\"display_parent_name\":\"0\",\"parent_name_separator\":\":\"}','9','1','7','0','0');

INSERT INTO app_fields VALUES
('425','40','47','0','','fieldtype_dropdown_multiple','Yang Mengerjakan','','0','','','0','','','0','','{\"width\":\"input-medium\",\"use_global_list\":\"4\"}','10','1','6','0','0'),
('426','40','47','0','','fieldtype_input','Catatan','','0','','','0','','','0','','{\"width\":\"input-medium\",\"default_value\":\"\",\"is_unique\":\"0\",\"unique_error_msg\":\"\"}','11','0','0','0','0'),
('427','40','47','0','','fieldtype_dropdown','Konsisi Aset','','0','','','0','','','0','','{\"default_text\":\"\",\"width\":\"input-medium\",\"use_search\":\"0\",\"use_global_list\":\"1\",\"display_parent_name\":\"0\",\"parent_name_separator\":\":\"}','12','0','0','0','0'),
('428','40','47','0','','fieldtype_attachments','Upload File','','0','','','0','','','0','','{\"allow_search\":\"1\",\"use_image_preview\":\"1\",\"upload_limit\":\"\",\"upload_size_limit\":\"\",\"allowed_extensions\":\"\",\"play_audio_file\":\"1\"}','13','0','0','0','0'),
('429','39','46','0','','fieldtype_parent_value','Nama Aset','','0','','','0','','','0','','{\"field_id\":\"374\"}','0','1','1','0','0'),
('430','39','46','0','','fieldtype_parent_value','Kategori','','0','','','0','','','0','','{\"field_id\":\"375\"}','6','1','2','0','0'),
('431','41','50','0','','fieldtype_action','','','0','','','0','','','0','','','0','0','0','0','0'),
('432','41','50','0','','fieldtype_id','','','0','','','0','','','0','','','1','1','0','0','0'),
('433','41','50','0','','fieldtype_date_added','','','0','','','0','','','0','','','2','0','0','0','0'),
('434','41','50','0','','fieldtype_date_updated','','','0','','','0','','','0','','','3','0','0','0','0'),
('435','41','50','0','','fieldtype_created_by','','','0','','','0','','','0','','','4','0','0','0','0'),
('436','41','50','0','','fieldtype_parent_item_id','','','0','','','0','','','0','','','5','1','5','0','0'),
('437','42','51','0','','fieldtype_action','','','0','','','0','','','0','','','0','1','5','0','0'),
('438','42','51','0','','fieldtype_id','','','0','','','0','','','0','','','1','1','0','0','0'),
('439','42','51','0','','fieldtype_date_added','','','1','','','0','','','0','','','2','0','0','0','0'),
('440','42','51','0','','fieldtype_date_updated','','','0','','','0','','','0','','','3','0','0','0','0'),
('441','42','51','0','','fieldtype_created_by','','','0','','','0','','','0','','','4','1','4','0','0'),
('442','42','51','0','','fieldtype_parent_item_id','Nama Barang','','0','','','0','','','0','','','5','1','1','0','0'),
('443','41','50','0','','fieldtype_input','Nama Barang','','1','','','0','','','1','Nama wajib diisi','{\"allow_search\":\"1\",\"width\":\"input-medium\",\"default_value\":\"\",\"is_unique\":\"0\",\"unique_error_msg\":\"\"}','6','1','1','0','0'),
('444','41','50','0','','fieldtype_tags','Kategori Barang','','0','','','0','','','0','','{\"width\":\"input-medium\",\"display_as\":\"dropdown\",\"default_text\":\"\",\"use_global_list\":\"7\"}','7','1','2','0','0'),
('445','42','51','0','','fieldtype_input_datetime','Tanggal Masuk','','0','','','0','','','1','Tanggal masuk barang wajib diisi','{\"date_format\":\"d\\/m\\/Y H:i\",\"date_format_in_calendar\":\"yyyy-mm-dd hh:ii\",\"default_value\":\"\",\"min_date\":\"-7\",\"max_date\":\"0\",\"is_unique\":\"0\",\"unique_error_msg\":\"\",\"background\":\"\",\"day_before_date\":\"\",\"day_before_date_color\":\"\",\"day_before_date2\":\"\",\"day_before_date2_color\":\"\",\"disable_color_by_field\":\"\"}','4','1','2','0','0'),
('446','42','51','0','','fieldtype_input_numeric','Qt Barang','','0','','','0','','','1','Qt barang wajib diisi','{\"width\":\"input-small\",\"number_format\":\"\",\"is_unique\":\"0\",\"unique_error_msg\":\"\",\"default_value\":\"\",\"prefix\":\"\",\"suffix\":\"\",\"min_value\":\"\",\"max_value\":\"\"}','2','1','3','0','0'),
('447','42','51','0','','fieldtype_entity','Nama Barang','','0','','','0','','','1','Nama barang wajib diisi','{\"entity_id\":\"41\",\"display_as\":\"dropdown\",\"default_text\":\"\",\"default_value\":\"\",\"width\":\"input-medium\",\"display_as_link\":\"1\",\"allow_search\":\"1\",\"fields_in_popup\":\"\"}','0','1','1','0','0'),
('448','42','51','0','','fieldtype_entity','Lokasi Stok','','0','','','0','','','1','Lokasi stok wajib diisi','{\"entity_id\":\"34\",\"display_as\":\"dropdown\",\"default_text\":\"\",\"default_value\":\"\",\"width\":\"input-medium\",\"fields_in_popup\":\"\"}','1','0','0','0','0'),
('449','43','52','0','','fieldtype_action','','','0','','','0','','','0','','','0','1','1','0','0'),
('450','43','52','0','','fieldtype_id','','','0','','','0','','','0','','','1','1','0','0','0'),
('451','43','52','0','','fieldtype_date_added','','','0','','','0','','','0','','','2','0','0','0','0'),
('452','43','52','0','','fieldtype_date_updated','','','0','','','0','','','0','','','3','0','0','0','0'),
('453','43','52','0','','fieldtype_created_by','','','0','','','0','','','0','','','4','0','0','0','0'),
('454','43','52','0','','fieldtype_parent_item_id','','','0','','','0','','','0','','','5','1','5','0','0'),
('455','43','52','0','','fieldtype_input','Nama Cabang Perusahaan','','1','','','0','','','0','','{\"allow_search\":\"1\",\"width\":\"input-medium\",\"default_value\":\"\",\"is_unique\":\"0\",\"unique_error_msg\":\"\"}','6','1','2','0','0'),
('456','36','48','0','','fieldtype_entity','Cabang Perusahaan','','0','','','0','','','0','','{\"entity_id\":\"43\",\"display_as\":\"dropdown\",\"default_text\":\"\",\"default_value\":\"\",\"width\":\"input-medium\",\"fields_in_popup\":\"\"}','7','1','7','0','0'),
('457','44','53','0','','fieldtype_action','','','0','','','0','','','0','','','0','1','0','0','0'),
('458','44','53','0','','fieldtype_id','','','0','','','0','','','0','','','1','1','1','0','0'),
('459','44','53','0','','fieldtype_date_added','','','0','','','0','','','0','','','2','0','0','0','0'),
('460','44','53','0','','fieldtype_date_updated','','','0','','','0','','','0','','','3','0','0','0','0'),
('461','44','53','0','','fieldtype_created_by','','','0','','','0','','','0','','','4','0','0','0','0'),
('462','44','53','0','','fieldtype_parent_item_id','Nama Barang/Aset','','0','','','0','','','0','','','5','1','2','0','0'),
('463','44','53','0','','fieldtype_input','Alasan Peminjaman','','1','','','0','','','1','','{\"allow_search\":\"1\",\"width\":\"input-medium\",\"default_value\":\"\",\"is_unique\":\"0\",\"unique_error_msg\":\"\"}','6','1','3','0','0'),
('464','44','53','0','','fieldtype_input_datetime','Tanggal Peminjaman','','0','','','0','','','0','','{\"date_format\":\"d\\/m\\/Y H:i\",\"date_format_in_calendar\":\"yyyy-mm-dd hh:ii\",\"default_value\":\"\",\"min_date\":\"\",\"max_date\":\"\",\"is_unique\":\"0\",\"unique_error_msg\":\"\",\"background\":\"\",\"day_before_date\":\"\",\"day_before_date_color\":\"\",\"day_before_date2\":\"\",\"day_before_date2_color\":\"\",\"disable_color_by_field\":\"\"}','7','1','4','0','0'),
('465','44','53','0','','fieldtype_input_datetime','Tanggal Pengembalian','','0','','','0','','','0','','{\"date_format\":\"d\\/m\\/Y H:i\",\"date_format_in_calendar\":\"yyyy-mm-dd hh:ii\",\"default_value\":\"\",\"min_date\":\"\",\"max_date\":\"\",\"is_unique\":\"0\",\"unique_error_msg\":\"\",\"background\":\"\",\"day_before_date\":\"\",\"day_before_date_color\":\"\",\"day_before_date2\":\"\",\"day_before_date2_color\":\"\",\"disable_color_by_field\":\"\"}','8','1','5','0','0'),
('466','44','53','0','','fieldtype_dropdown','Status','','0','','','0','','','0','','{\"default_text\":\"\",\"width\":\"input-medium\",\"use_search\":\"0\",\"use_global_list\":\"9\",\"display_parent_name\":\"0\",\"parent_name_separator\":\":\"}','9','1','6','0','0'),
('467','44','53','0','','fieldtype_input','Nama Peminjam','','0','','','0','','','0','','{\"width\":\"input-medium\",\"default_value\":\"\",\"is_unique\":\"0\",\"unique_error_msg\":\"\"}','10','1','7','0','0'),
('468','44','53','0','','fieldtype_input','Yang Menyerahkan','','0','','','0','','','0','','{\"width\":\"input-medium\",\"default_value\":\"\",\"is_unique\":\"0\",\"unique_error_msg\":\"\"}','11','1','8','0','0'),
('474','36','48','0','','fieldtype_qrcode','QR Code','','0','','','0','','','0','','{\"pattern\":\"Inventaris RSIA Kubu Raya\\r\\nKode Aset : [389]\\r\\nNama Aset : [374]\\r\\nNomor Seri : [378]\\r\\nMerek : [377]\\r\\nUnit : [383]\\r\\nTahun Pembelian : [388]\\r\\nFoto : [386]\\r\\n\",\"ecc\":\"h\",\"pixel_size\":\"2\",\"display_qr_code_on_item_page\":\"1\"}','8','0','0','0','0'),
('475','45','55','0','','fieldtype_action','','','0','','','0','','','0','','','0','1','12','0','0'),
('476','45','55','0','','fieldtype_id','','','0','','','0','','','0','','','1','1','0','0','0'),
('477','45','55','0','','fieldtype_date_added','','','0','','','0','','','0','','','2','0','0','0','0'),
('478','45','55','0','','fieldtype_date_updated','','','0','','','0','','','0','','','3','0','0','0','0'),
('479','45','55','0','','fieldtype_created_by','','','0','','','0','','','0','','','4','0','0','0','0'),
('480','45','55','0','','fieldtype_parent_item_id','','','0','','','0','','','0','','','5','1','5','0','0'),
('481','45','55','0','','fieldtype_entity','Unit Pengaju','','0','','','0','','','0','','{\"entity_id\":\"34\",\"display_as\":\"dropdown\",\"default_text\":\"\",\"default_value\":\"\",\"width\":\"input-medium\",\"allow_search\":\"1\",\"hide_field_if_empty\":\"1\",\"fields_in_popup\":\"\"}','6','1','5','0','0'),
('482','45','55','0','','fieldtype_tags','Nama Pengaju','','0','','','0','','','0','','{\"width\":\"input-medium\",\"display_as\":\"dropdown_multiple\",\"default_text\":\"\",\"auto_create_tag\":\"1\",\"allow_search\":\"1\",\"display_choices_values\":\"1\",\"use_global_list\":\"2\"}','3','1','2','0','0'),
('483','45','55','0','','fieldtype_input','Judul Pengajuan','','1','','','0','','','1','Judul Pengajuan wajib diisi','{\"allow_search\":\"1\",\"width\":\"input-medium\",\"default_value\":\"\",\"is_unique\":\"0\",\"unique_error_msg\":\"\"}','0','1','1','0','0'),
('484','45','55','0','','fieldtype_tags','Kategori Kerusakan','','0','','','0','','','1','','{\"width\":\"input-medium\",\"display_as\":\"dropdown\",\"default_text\":\"\",\"auto_create_tag\":\"1\",\"allow_search\":\"1\",\"hide_field_if_empty\":\"1\",\"display_choices_values\":\"1\",\"use_global_list\":\"6\"}','7','1','6','1','0'),
('485','45','55','0','','fieldtype_dropdown','Grading','','0','','','0','','','0','','{\"default_text\":\"\",\"width\":\"input-medium\",\"use_search\":\"0\",\"use_global_list\":\"5\",\"display_parent_name\":\"0\",\"parent_name_separator\":\":\"}','4','1','7','1','1'),
('486','45','55','0','','fieldtype_entity','Nama Aset','','0','','','0','','','0','','{\"entity_id\":\"36\",\"display_as\":\"dropdown\",\"default_text\":\"\",\"default_value\":\"\",\"width\":\"input-medium\",\"hide_plus_button\":\"1\",\"fields_in_popup\":\"\"}','5','1','3','0','0'),
('487','45','55','0','','fieldtype_input_datetime','Jadwal Pelaksanaan','','0','','','0','','','0','','{\"date_format\":\"d\\/m\\/Y\",\"date_format_in_calendar\":\"yyyy-mm-dd hh:ii\",\"default_value\":\"\",\"min_date\":\"0\",\"max_date\":\"\",\"is_unique\":\"0\",\"unique_error_msg\":\"\",\"background\":\"\",\"day_before_date\":\"\",\"day_before_date_color\":\"\",\"day_before_date2\":\"\",\"day_before_date2_color\":\"\",\"disable_color_by_field\":\"\"}','2','0','0','1','2'),
('488','45','55','0','','fieldtype_input','Diagnosa Kerusakan','','0','','','0','','','0','','{\"width\":\"input-medium\",\"default_value\":\"\",\"is_unique\":\"0\",\"unique_error_msg\":\"\"}','8','0','0','1','3'),
('489','45','55','0','','fieldtype_input','Pemecahan Masalah','','0','','','0','','','0','','{\"width\":\"input-medium\",\"default_value\":\"\",\"is_unique\":\"0\",\"unique_error_msg\":\"\"}','9','0','0','1','4'),
('490','45','55','0','','fieldtype_input_datetime','Waktu Pengerjaan','','0','','','0','','','0','','{\"date_format\":\"d\\/m\\/Y\",\"date_format_in_calendar\":\"yyyy-mm-dd hh:ii\",\"default_value\":\"\",\"min_date\":\"\",\"max_date\":\"\",\"is_unique\":\"0\",\"unique_error_msg\":\"\",\"background\":\"\",\"day_before_date\":\"\",\"day_before_date_color\":\"\",\"day_before_date2\":\"\",\"day_before_date2_color\":\"\",\"disable_color_by_field\":\"\"}','10','0','0','1','5'),
('491','45','55','0','','fieldtype_input_datetime','Waktu Selesai','','0','','','0','','','0','','{\"date_format\":\"d\\/m\\/Y\",\"date_format_in_calendar\":\"yyyy-mm-dd hh:ii\",\"default_value\":\"\",\"min_date\":\"\",\"max_date\":\"\",\"is_unique\":\"0\",\"unique_error_msg\":\"\",\"background\":\"\",\"day_before_date\":\"\",\"day_before_date_color\":\"\",\"day_before_date2\":\"\",\"day_before_date2_color\":\"\",\"disable_color_by_field\":\"\"}','11','0','0','1','6'),
('492','45','55','0','','fieldtype_dropdown','Status Pengerjaan','','0','','','0','','','0','','{\"default_text\":\"\",\"width\":\"input-medium\",\"use_search\":\"0\",\"use_global_list\":\"4\",\"display_parent_name\":\"0\",\"parent_name_separator\":\":\"}','14','1','8','1','7'),
('493','45','55','0','','fieldtype_input','Catatan','','0','','','0','','','0','','{\"width\":\"input-medium\",\"default_value\":\"\",\"is_unique\":\"0\",\"unique_error_msg\":\"\"}','13','0','0','1','8'),
('494','45','55','0','','fieldtype_tags','Yang Mengerjakan','','0','','','0','','','1','','{\"width\":\"input-medium\",\"display_as\":\"dropdown_multiple\",\"default_text\":\"\",\"auto_create_tag\":\"1\",\"allow_search\":\"1\",\"display_choices_values\":\"1\",\"use_global_list\":\"3\"}','12','1','9','1','9'),
('495','45','55','0','','fieldtype_dropdown','Apakah diperlukan segera?','Urgentcy','0','','','0','','','0','','{\"default_text\":\"\",\"width\":\"input-medium\",\"use_search\":\"0\",\"use_global_list\":\"8\",\"display_parent_name\":\"0\",\"parent_name_separator\":\":\"}','1','1','4','0','0'),
('496','45','55','0','','fieldtype_signature','Paraf Pengaju','','0','','','0','','','0','','{\"display_person_name_input\":\"1\",\"signature_description\":\"\",\"signature_width_item_page\":\"\",\"signature_width_print_page\":\"\",\"button_title\":\"Paraf\",\"button_icon\":\"\",\"button_color\":\"\",\"add_comment\":\"1\",\"comment_text\":\"Menyatakan bahwa pengerjaan telah selesai dan diatasi dengan hasil yang baik, tiketing boleh ditutup.\",\"run_process\":\"0\"}','15','1','10','0','0'),
('497','45','55','0','','fieldtype_signature','Paraf Kepala IT','','0','','','0','','','0','','{\"display_person_name_input\":\"1\",\"signature_description\":\"\",\"signature_width_item_page\":\"\",\"signature_width_print_page\":\"\",\"button_title\":\"Paraf\",\"button_icon\":\"\",\"button_color\":\"\",\"add_comment\":\"1\",\"comment_text\":\"Pengerjaan telah selesai dan permasalahan teratasi dengan baik, tiket dapat ditutup.\",\"run_process\":\"0\"}','16','1','11','0','0');

CREATE TABLE IF NOT EXISTS `app_fields_access` (
  `id` int(11) NOT NULL AUTO_INCREMENT,
  `access_groups_id` int(11) NOT NULL,
  `entities_id` int(11) NOT NULL,
  `fields_id` int(11) NOT NULL,
  `access_schema` varchar(64) NOT NULL,
  PRIMARY KEY (`id`),
  KEY `idx_entities_id` (`entities_id`),
  KEY `idx_fields_id` (`fields_id`),
  KEY `idx_access_groups_id` (`access_groups_id`)
) ENGINE=InnoDB AUTO_INCREMENT=37 DEFAULT CHARSET=utf8mb4 COLLATE=utf8mb4_general_ci;

INSERT INTO app_fields_access VALUES
('24','6','45','487','hide'),
('25','6','45','478','hide'),
('26','6','45','485','hide'),
('27','6','45','486','hide'),
('28','6','45','484','hide'),
('29','6','45','488','hide'),
('30','6','45','489','hide'),
('31','6','45','490','hide'),
('32','6','45','491','hide'),
('33','6','45','494','hide'),
('34','6','45','493','hide'),
('35','6','45','497','hide'),
('36','6','45','492','hide');

CREATE TABLE IF NOT EXISTS `app_fields_choices` (
  `id` int(11) NOT NULL AUTO_INCREMENT,
  `parent_id` int(11) NOT NULL DEFAULT 0,
  `fields_id` int(11) NOT NULL,
  `is_active` tinyint(1) NOT NULL DEFAULT 1,
  `name` varchar(255) NOT NULL,
  `is_default` tinyint(1) DEFAULT NULL,
  `bg_color` varchar(16) NOT NULL,
  `sort_order` int(11) DEFAULT NULL,
  `users` text NOT NULL,
  `value` varchar(64) NOT NULL,
  `filename` varchar(255) NOT NULL,
  PRIMARY KEY (`id`),
  KEY `idx_fields_id` (`fields_id`),
  KEY `idx_parent_id` (`parent_id`)
) ENGINE=InnoDB AUTO_INCREMENT=68 DEFAULT CHARSET=utf8mb4 COLLATE=utf8mb4_general_ci;

CREATE TABLE IF NOT EXISTS `app_filters_panels` (
  `id` int(11) NOT NULL AUTO_INCREMENT,
  `entities_id` int(11) NOT NULL,
  `type` varchar(64) NOT NULL,
  `is_active` tinyint(1) NOT NULL,
  `is_active_filters` tinyint(1) NOT NULL,
  `position` varchar(16) NOT NULL,
  `users_groups` text NOT NULL,
  `width` tinyint(1) NOT NULL,
  `sort_order` smallint(6) NOT NULL,
  PRIMARY KEY (`id`),
  KEY `idx_entities_id` (`entities_id`)
) ENGINE=InnoDB AUTO_INCREMENT=5 DEFAULT CHARSET=utf8mb4 COLLATE=utf8mb4_general_ci;

INSERT INTO app_filters_panels VALUES
('1','35','','1','1','horizontal','0,12,4','1','1'),
('2','37','','1','1','horizontal','0,12,4','1','0'),
('3','36','','1','1','horizontal','0,12,4','1','0'),
('4','45','','1','1','horizontal','0,12,4','1','0');

CREATE TABLE IF NOT EXISTS `app_filters_panels_fields` (
  `id` int(11) NOT NULL AUTO_INCREMENT,
  `panels_id` int(11) NOT NULL,
  `entities_id` int(11) NOT NULL,
  `fields_id` int(11) NOT NULL,
  `title` varchar(64) NOT NULL,
  `width` varchar(16) NOT NULL,
  `height` varchar(16) NOT NULL,
  `display_type` varchar(32) NOT NULL,
  `search_type_match` tinyint(1) NOT NULL,
  `exclude_values` text NOT NULL,
  `exclude_values_not_in_listing` tinyint(1) NOT NULL DEFAULT 0,
  `sort_order` smallint(6) NOT NULL,
  PRIMARY KEY (`id`),
  KEY `idx_panels_id` (`panels_id`),
  KEY `idx_fields_id` (`fields_id`),
  KEY `idx_entities_id` (`entities_id`)
) ENGINE=InnoDB AUTO_INCREMENT=21 DEFAULT CHARSET=utf8mb4 COLLATE=utf8mb4_general_ci;

INSERT INTO app_filters_panels_fields VALUES
('1','1','35','329','','','','','0','','0','1'),
('2','1','35','335','','input-medium','','dropdown','0','','0','2'),
('3','1','35','338','','input-medium','','dropdown','0','','0','3'),
('4','2','37','352','','','','','0','','0','1'),
('5','2','37','394','','input-small','','dropdown','0','','0','2'),
('6','2','37','392','','input-medium','','','0','','0','3'),
('7','2','37','401','','input-small','','dropdown','0','','0','4'),
('8','2','37','403','','input-medium','','dropdown','0','','0','5'),
('9','1','35','341','','input-small','','dropdown','0','','0','4'),
('10','3','36','374','','input-medium','','','0','','0','1'),
('11','3','36','375','','input-small','','dropdown','0','','0','2'),
('12','3','36','377','','input-small','','dropdown','0','','0','3'),
('13','3','36','389','','input-small','','','0','','0','4'),
('14','3','36','383','','input-small','','dropdown','0','','0','5'),
('15','3','36','456','','input-small','','dropdown','0','','0','6'),
('16','4','45','483','','input-medium','','','0','','0','1'),
('17','4','45','485','','input-small','','dropdown','0','','0','2'),
('18','4','45','481','','input-medium','','dropdown','0','','0','3'),
('19','4','45','492','','input-small','','dropdown','0','','0','4'),
('20','4','45','486','','input-medium','','dropdown','0','','0','0');

CREATE TABLE IF NOT EXISTS `app_forms_fields_rules` (
  `id` int(10) unsigned NOT NULL AUTO_INCREMENT,
  `entities_id` int(10) unsigned NOT NULL,
  `fields_id` int(10) unsigned NOT NULL,
  `is_active` tinyint(1) NOT NULL DEFAULT 1,
  `choices` text NOT NULL,
  `visible_fields` text NOT NULL,
  `hidden_fields` text NOT NULL,
  `sort_order` int(11) NOT NULL,
  PRIMARY KEY (`id`),
  KEY `idx_entities_id` (`entities_id`),
  KEY `idx_fields_id` (`fields_id`)
) ENGINE=InnoDB DEFAULT CHARSET=utf8mb4 COLLATE=utf8mb4_general_ci;

CREATE TABLE IF NOT EXISTS `app_forms_rows` (
  `id` int(11) NOT NULL AUTO_INCREMENT,
  `entities_id` int(11) NOT NULL,
  `forms_tabs_id` int(11) NOT NULL,
  `columns` tinyint(4) NOT NULL,
  `column1_width` tinyint(4) NOT NULL,
  `column2_width` tinyint(4) NOT NULL,
  `column3_width` tinyint(4) NOT NULL,
  `column4_width` tinyint(4) NOT NULL,
  `column5_width` tinyint(4) NOT NULL,
  `column6_width` tinyint(4) NOT NULL,
  `field_name_new_row` tinyint(1) NOT NULL,
  `sort_order` smallint(6) NOT NULL,
  PRIMARY KEY (`id`),
  KEY `entities_id` (`entities_id`),
  KEY `forms_tabs_id` (`forms_tabs_id`)
) ENGINE=InnoDB DEFAULT CHARSET=utf8mb4 COLLATE=utf8mb4_general_ci;

CREATE TABLE IF NOT EXISTS `app_forms_tabs` (
  `id` int(11) NOT NULL AUTO_INCREMENT,
  `entities_id` int(11) NOT NULL,
  `parent_id` int(11) NOT NULL DEFAULT 0,
  `is_folder` tinyint(1) NOT NULL DEFAULT 0,
  `name` varchar(64) NOT NULL,
  `description` text NOT NULL,
  `sort_order` int(11) NOT NULL,
  PRIMARY KEY (`id`),
  KEY `idx_entities_id` (`entities_id`)
) ENGINE=InnoDB AUTO_INCREMENT=56 DEFAULT CHARSET=utf8mb4 COLLATE=utf8mb4_general_ci;

INSERT INTO app_forms_tabs VALUES
('1','1','0','0','Info','','0'),
('30','25','0','0','Aset','','0'),
('31','26','0','0','Pengajuan','','0'),
('32','27','0','0','Info','','0'),
('33','28','0','0','Info','','0'),
('34','29','0','0','Info','','0'),
('35','25','0','0','Pengguna','','1'),
('36','26','0','0','Tanggapan','','1'),
('37','30','0','0','Info','','0'),
('38','31','0','0','Info','','0'),
('39','32','0','0','Info','','0'),
('40','33','0','0','Info','','0'),
('41','34','0','0','Info','','0'),
('42','35','0','0','Info','','0'),
('43','36','0','0','Inventori RSIA Kubu Raya','','0'),
('45','38','0','0','Info','','0'),
('46','39','0','0','Info','','0'),
('47','40','0','0','Info','','0'),
('48','36','0','0','Lokasi','','1'),
('50','41','0','0','Info Master Barang','','0'),
('51','42','0','0','Info','','0'),
('52','43','0','0','Info Cabang Perusahaan','','0'),
('53','44','0','0','Formulir Peminjaman Barang','','0'),
('55','45','0','0','Info','','0');

CREATE TABLE IF NOT EXISTS `app_global_lists` (
  `id` int(11) NOT NULL AUTO_INCREMENT,
  `name` varchar(64) NOT NULL,
  `notes` text NOT NULL,
  PRIMARY KEY (`id`)
) ENGINE=InnoDB AUTO_INCREMENT=10 DEFAULT CHARSET=utf8mb4 COLLATE=utf8mb4_general_ci;

INSERT INTO app_global_lists VALUES
('1','Kondisi Aset',''),
('2','Nama Pengaju',''),
('3','Petugas',''),
('4','Status Pengerjaan',''),
('5','Grading',''),
('6','Kategori Kerusakan',''),
('7','Kategori Barang Stok',''),
('8','Yes/ No',''),
('9','Status Peminjaman','');

CREATE TABLE IF NOT EXISTS `app_global_lists_choices` (
  `id` int(11) NOT NULL AUTO_INCREMENT,
  `parent_id` int(11) NOT NULL DEFAULT 0,
  `lists_id` int(11) NOT NULL,
  `is_active` tinyint(1) NOT NULL DEFAULT 1,
  `name` varchar(255) NOT NULL,
  `is_default` tinyint(1) DEFAULT NULL,
  `bg_color` varchar(16) NOT NULL,
  `value` varchar(64) NOT NULL,
  `sort_order` int(11) DEFAULT NULL,
  `users` text NOT NULL,
  `notes` text NOT NULL,
  PRIMARY KEY (`id`),
  KEY `idx_parent_id` (`parent_id`),
  KEY `idx_lists_id` (`lists_id`) USING BTREE
) ENGINE=InnoDB AUTO_INCREMENT=29 DEFAULT CHARSET=utf8mb4 COLLATE=utf8mb4_general_ci;

INSERT INTO app_global_lists_choices VALUES
('1','0','1','1','Dapat  digunakan','1','#FFEB3B','','0','',''),
('2','0','1','1','Rusak dapat diperbaiki','0','#8BC34A','','0','',''),
('3','0','1','1','Rusak tidak dapat diperbaiki','0','#F44336','','0','',''),
('4','0','5','1','Segera','0','#F44336','','0','',''),
('5','0','5','1','Sedang','0','#8BC34A','','1','',''),
('6','0','5','1','Rendah','0','#FFEB3B','','2','',''),
('7','0','4','1','Baru','1','#FFEB3B','','0','',''),
('8','0','4','1','Sedang dikerjakan','0','#8BC34A','','1','',''),
('9','0','4','1','Selesai','0','#009688','','3','',''),
('10','0','4','1','Dibatalkan','0','#F44336','','4','',''),
('11','0','4','1','Menunggu','0','#FF9800','','2','',''),
('12','0','6','1','Normal',NULL,'','',NULL,'',''),
('13','0','3','1','Bima',NULL,'','',NULL,'',''),
('14','0','7','1','Habis Pakai','0','','','0','',''),
('15','0','7','1','Aset','0','','','0','',''),
('16','0','8','1','Ya','1','#F44336','','1','',''),
('17','0','8','1','Tidak','0','#000000','','2','',''),
('18','0','2','1','Yura',NULL,'','',NULL,'',''),
('19','0','3','1','Budi',NULL,'','',NULL,'',''),
('20','0','9','1','Dipinjam','1','#F44336','','0','',''),
('21','0','9','1','Dikembalikan','0','#FF9800','','0','',''),
('22','0','2','1','sendiri',NULL,'','',NULL,'',''),
('23','0','6','1','Maintenance',NULL,'','',NULL,'',''),
('24','0','2','1','Paijo',NULL,'','',NULL,'',''),
('25','0','3','1','Paijo',NULL,'','',NULL,'',''),
('26','0','2','1','Susi',NULL,'','',NULL,'',''),
('27','0','3','1','-',NULL,'','',NULL,'',''),
('28','0','2','1','yudi',NULL,'','',NULL,'','');

CREATE TABLE IF NOT EXISTS `app_global_vars` (
  `id` int(11) NOT NULL AUTO_INCREMENT,
  `parent_id` int(11) NOT NULL,
  `is_folder` tinyint(1) NOT NULL,
  `name` varchar(64) NOT NULL,
  `value` varchar(255) NOT NULL,
  `notes` text NOT NULL,
  `sort_order` int(11) NOT NULL,
  PRIMARY KEY (`id`),
  KEY `idx_parent_id` (`parent_id`)
) ENGINE=InnoDB DEFAULT CHARSET=utf8mb4 COLLATE=utf8mb4_general_ci;

CREATE TABLE IF NOT EXISTS `app_help_pages` (
  `id` int(11) NOT NULL AUTO_INCREMENT,
  `entities_id` int(11) NOT NULL,
  `created_by` int(11) NOT NULL,
  `type` varchar(16) NOT NULL,
  `is_active` tinyint(1) NOT NULL,
  `name` varchar(255) NOT NULL,
  `icon` varchar(64) NOT NULL,
  `start_date` int(11) NOT NULL,
  `end_date` int(11) NOT NULL,
  `description` text NOT NULL,
  `color` varchar(16) NOT NULL,
  `position` varchar(16) NOT NULL,
  `users_groups` text NOT NULL,
  `sort_order` int(11) NOT NULL,
  PRIMARY KEY (`id`),
  KEY `idx_created_by` (`created_by`),
  KEY `idx_entities_id` (`entities_id`)
) ENGINE=InnoDB DEFAULT CHARSET=utf8mb4 COLLATE=utf8mb4_general_ci;

CREATE TABLE IF NOT EXISTS `app_holidays` (
  `id` int(11) NOT NULL AUTO_INCREMENT,
  `name` varchar(255) NOT NULL,
  `start_date` date NOT NULL,
  `end_date` date NOT NULL,
  PRIMARY KEY (`id`)
) ENGINE=InnoDB DEFAULT CHARSET=utf8mb4 COLLATE=utf8mb4_general_ci;

CREATE TABLE IF NOT EXISTS `app_image_map_labels` (
  `id` int(11) NOT NULL AUTO_INCREMENT,
  `map_id` int(11) NOT NULL,
  `choices_id` int(11) NOT NULL,
  `x` int(11) NOT NULL,
  `y` int(11) NOT NULL,
  PRIMARY KEY (`id`),
  KEY `idx_map_id` (`map_id`),
  KEY `idx_choices_id` (`choices_id`)
) ENGINE=InnoDB DEFAULT CHARSET=utf8mb4 COLLATE=utf8mb4_general_ci;

CREATE TABLE IF NOT EXISTS `app_image_map_markers` (
  `id` int(11) NOT NULL AUTO_INCREMENT,
  `entities_id` int(11) NOT NULL,
  `items_id` int(11) NOT NULL,
  `map_id` int(11) NOT NULL,
  `x` int(11) NOT NULL,
  `y` int(11) NOT NULL,
  PRIMARY KEY (`id`),
  KEY `idx_entities_id` (`entities_id`),
  KEY `idx_items_id` (`items_id`),
  KEY `idx_map_id` (`map_id`)
) ENGINE=InnoDB DEFAULT CHARSET=utf8mb4 COLLATE=utf8mb4_general_ci;

CREATE TABLE IF NOT EXISTS `app_image_map_markers_nested` (
  `id` int(11) NOT NULL AUTO_INCREMENT,
  `entities_id` int(11) NOT NULL,
  `items_id` int(11) NOT NULL,
  `fields_id` int(11) NOT NULL,
  `x` int(11) NOT NULL,
  `y` int(11) NOT NULL,
  PRIMARY KEY (`id`),
  KEY `idx_entities_id` (`entities_id`),
  KEY `idx_items_id` (`items_id`),
  KEY `idx_fields_id` (`fields_id`) USING BTREE
) ENGINE=InnoDB DEFAULT CHARSET=utf8mb4 COLLATE=utf8mb4_general_ci;

CREATE TABLE IF NOT EXISTS `app_items_export_templates` (
  `id` int(11) NOT NULL AUTO_INCREMENT,
  `entities_id` int(11) NOT NULL,
  `users_id` int(11) NOT NULL,
  `name` varchar(64) NOT NULL,
  `templates_fields` text NOT NULL,
  `is_default` tinyint(1) NOT NULL DEFAULT 0,
  PRIMARY KEY (`id`),
  KEY `cidx` (`entities_id`,`users_id`) USING BTREE
) ENGINE=InnoDB AUTO_INCREMENT=9 DEFAULT CHARSET=utf8mb4 COLLATE=utf8mb4_general_ci;

INSERT INTO app_items_export_templates VALUES
('1','30','2','fghfgfhf','293,294,296,295,298,url','0'),
('2','30','2','fghfghfh','293,294,296,295,298,url','0'),
('3','30','2','gfhfghfg','293,294,296,295,298,url','1'),
('4','42','1','Test','438,439,441,447,448,446,440,445,469,471,url','1'),
('5','37','1','Test','392,351,391,352,390,353,404,354,395,396,394,393,397,398,399,400,403,402,401,472,473','1'),
('7','36','2','Label Inventori','374,382,375,377,376,378,379,380,389,383,388,474','1'),
('8','36','1','Label Inventori','374,375,377,376,349,378,379,380,381,389,383,388,474','1');

CREATE TABLE IF NOT EXISTS `app_listing_highlight_rules` (
  `id` int(10) unsigned NOT NULL AUTO_INCREMENT,
  `entities_id` int(10) unsigned NOT NULL,
  `is_active` tinyint(1) NOT NULL,
  `fields_id` int(10) unsigned NOT NULL,
  `fields_values` text NOT NULL,
  `bg_color` varchar(7) NOT NULL,
  `sort_order` int(11) NOT NULL,
  `notes` text NOT NULL,
  PRIMARY KEY (`id`),
  KEY `idx_fields_id` (`fields_id`),
  KEY `entities_id` (`entities_id`),
  KEY `fields_id` (`fields_id`)
) ENGINE=InnoDB DEFAULT CHARSET=utf8mb4 COLLATE=utf8mb4_general_ci;

CREATE TABLE IF NOT EXISTS `app_listing_sections` (
  `id` int(11) NOT NULL AUTO_INCREMENT,
  `listing_types_id` int(11) NOT NULL,
  `name` varchar(255) NOT NULL,
  `fields` text NOT NULL,
  `display_as` varchar(16) NOT NULL,
  `display_field_names` tinyint(1) NOT NULL,
  `text_align` varchar(16) NOT NULL,
  `width` varchar(16) NOT NULL,
  `sort_order` int(11) NOT NULL,
  PRIMARY KEY (`id`),
  KEY `idx_listing_types_id` (`listing_types_id`)
) ENGINE=InnoDB DEFAULT CHARSET=utf8mb4 COLLATE=utf8mb4_general_ci;

CREATE TABLE IF NOT EXISTS `app_listing_types` (
  `id` int(11) NOT NULL AUTO_INCREMENT,
  `entities_id` int(11) NOT NULL,
  `type` varchar(16) NOT NULL,
  `is_active` tinyint(1) NOT NULL,
  `is_default` tinyint(4) NOT NULL,
  `width` smallint(6) NOT NULL,
  `settings` text NOT NULL,
  PRIMARY KEY (`id`),
  KEY `idx_entities_id` (`entities_id`)
) ENGINE=InnoDB AUTO_INCREMENT=91 DEFAULT CHARSET=utf8mb4 COLLATE=utf8mb4_general_ci;

INSERT INTO app_listing_types VALUES
('1','25','table','1','1','0',''),
('2','25','tree_table','0','0','0',''),
('3','25','list','0','0','0',''),
('4','25','grid','0','0','0',''),
('5','25','mobile','0','0','0',''),
('6','27','table','1','1','0',''),
('7','27','tree_table','0','0','0',''),
('8','27','list','0','0','0',''),
('9','27','grid','0','0','0',''),
('10','27','mobile','0','0','0',''),
('11','26','table','1','1','0',''),
('12','26','tree_table','0','0','0',''),
('13','26','list','0','0','0',''),
('14','26','grid','0','0','0',''),
('15','26','mobile','0','0','0',''),
('16','28','table','1','1','0',''),
('17','28','tree_table','0','0','0',''),
('18','28','list','0','0','0',''),
('19','28','grid','0','0','0',''),
('20','28','mobile','0','0','0',''),
('21','29','table','1','1','0',''),
('22','29','tree_table','0','0','0',''),
('23','29','list','0','0','0',''),
('24','29','grid','0','0','0',''),
('25','29','mobile','0','0','0',''),
('26','30','table','1','1','0',''),
('27','30','tree_table','0','0','0',''),
('28','30','list','0','0','0',''),
('29','30','grid','0','0','0',''),
('30','30','mobile','0','0','0',''),
('31','31','table','1','1','0',''),
('32','31','tree_table','0','0','0',''),
('33','31','list','0','0','0',''),
('34','31','grid','0','0','0',''),
('35','31','mobile','0','0','0',''),
('36','32','table','1','1','0',''),
('37','32','tree_table','0','0','0',''),
('38','32','list','0','0','0',''),
('39','32','grid','0','0','0',''),
('40','32','mobile','0','0','0',''),
('41','33','table','1','1','0',''),
('42','33','tree_table','0','0','0',''),
('43','33','list','0','0','0',''),
('44','33','grid','0','0','0',''),
('45','33','mobile','0','0','0',''),
('46','34','table','1','1','0',''),
('47','34','tree_table','0','0','0',''),
('48','34','list','0','0','0',''),
('49','34','grid','0','0','0',''),
('50','34','mobile','0','0','0',''),
('51','36','table','1','1','0',''),
('52','36','tree_table','0','0','0',''),
('53','36','list','0','0','0',''),
('54','36','grid','0','0','0',''),
('55','36','mobile','0','0','0',''),
('56','39','table','1','1','0',''),
('57','39','tree_table','0','0','0',''),
('58','39','list','0','0','0',''),
('59','39','grid','0','0','0',''),
('60','39','mobile','0','0','0',''),
('61','37','table','1','1','0',''),
('62','37','tree_table','0','0','0',''),
('63','37','list','0','0','0',''),
('64','37','grid','0','0','0',''),
('65','37','mobile','0','0','0',''),
('66','41','table','1','1','0',''),
('67','41','tree_table','0','0','0',''),
('68','41','list','0','0','0',''),
('69','41','grid','0','0','0',''),
('70','41','mobile','0','0','0',''),
('71','42','table','1','1','0',''),
('72','42','tree_table','0','0','0',''),
('73','42','list','0','0','0',''),
('74','42','grid','0','0','0',''),
('75','42','mobile','0','0','0',''),
('76','44','table','1','1','0',''),
('77','44','tree_table','0','0','0',''),
('78','44','list','0','0','0',''),
('79','44','grid','0','0','0',''),
('80','44','mobile','0','0','0',''),
('81','43','table','1','1','0',''),
('82','43','tree_table','0','0','0',''),
('83','43','list','0','0','0',''),
('84','43','grid','0','0','0',''),
('85','43','mobile','0','0','0',''),
('86','45','table','1','1','0',''),
('87','45','tree_table','0','0','0',''),
('88','45','list','0','0','0',''),
('89','45','grid','0','0','0',''),
('90','45','mobile','0','0','0','');

CREATE TABLE IF NOT EXISTS `app_logs` (
  `id` int(11) unsigned NOT NULL AUTO_INCREMENT,
  `users_id` int(11) unsigned NOT NULL,
  `ip_address` varchar(64) NOT NULL,
  `log_type` varchar(16) NOT NULL,
  `date_added` int(11) NOT NULL,
  `http_url` varchar(255) NOT NULL,
  `is_ajax` tinyint(1) NOT NULL,
  `description` text NOT NULL,
  `seconds` decimal(11,4) NOT NULL,
  `errno` int(10) unsigned NOT NULL,
  `filename` varchar(255) NOT NULL,
  `linenum` int(10) unsigned NOT NULL,
  PRIMARY KEY (`id`),
  KEY `idx_users_id` (`users_id`),
  KEY `idx_date_added` (`date_added`),
  KEY `idx_ip_address` (`ip_address`),
  KEY `idx_log_type` (`log_type`)
) ENGINE=InnoDB DEFAULT CHARSET=utf8mb4 COLLATE=utf8mb4_general_ci;

CREATE TABLE IF NOT EXISTS `app_mind_map` (
  `id` int(11) NOT NULL AUTO_INCREMENT,
  `entities_id` int(11) NOT NULL,
  `items_id` int(11) DEFAULT NULL,
  `fields_id` int(11) DEFAULT NULL,
  `reports_id` int(11) DEFAULT NULL,
  `mm_id` varchar(64) NOT NULL,
  `mm_parent_id` varchar(64) NOT NULL,
  `mm_text` varchar(255) NOT NULL,
  `mm_layout` varchar(16) NOT NULL,
  `mm_shape` varchar(16) NOT NULL,
  `mm_side` varchar(16) NOT NULL,
  `mm_color` varchar(16) NOT NULL,
  `mm_icon` varchar(32) NOT NULL,
  `mm_collapsed` varchar(1) NOT NULL,
  `mm_value` varchar(64) NOT NULL,
  `mm_items_id` int(11) DEFAULT 0,
  `parent_entity_item_id` int(11) NOT NULL DEFAULT 0,
  `sort_order` int(11) NOT NULL,
  PRIMARY KEY (`id`),
  KEY `idx_entities_id` (`entities_id`),
  KEY `idx_items_id` (`items_id`),
  KEY `idx_fields_id` (`fields_id`),
  KEY `idx_reports_id` (`reports_id`)
) ENGINE=InnoDB DEFAULT CHARSET=utf8mb4 COLLATE=utf8mb4_general_ci;

CREATE TABLE IF NOT EXISTS `app_nested_entities_menu` (
  `id` int(11) NOT NULL AUTO_INCREMENT,
  `entities_id` int(11) NOT NULL,
  `is_active` tinyint(4) NOT NULL,
  `name` varchar(64) NOT NULL,
  `entities` varchar(255) NOT NULL,
  `icon` varchar(64) NOT NULL,
  `icon_color` varchar(10) NOT NULL,
  `sort_order` smallint(6) NOT NULL,
  PRIMARY KEY (`id`),
  KEY `idx_entities_id` (`entities_id`)
) ENGINE=InnoDB DEFAULT CHARSET=utf8mb4 COLLATE=utf8mb4_general_ci;

CREATE TABLE IF NOT EXISTS `app_portlets` (
  `id` int(11) NOT NULL AUTO_INCREMENT,
  `name` varchar(128) NOT NULL,
  `users_id` int(11) NOT NULL,
  `is_collapsed` tinyint(1) NOT NULL,
  PRIMARY KEY (`id`),
  KEY `idx_name` (`name`,`users_id`)
) ENGINE=InnoDB AUTO_INCREMENT=34 DEFAULT CHARSET=utf8mb4 COLLATE=utf8mb4_general_ci;

INSERT INTO app_portlets VALUES
('1','filters_preview_131','2','1'),
('2','filters_preview_130','2','1'),
('3','filters_preview_95','2','0'),
('4','filters_preview_145','2','1'),
('5','filters_preview_129','2','0'),
('6','dashboard_standard_report155','5','0'),
('7','dashboard_standard_report151','5','0'),
('8','filters_preview_158','5','1'),
('9','filters_preview_157','5','1'),
('10','filters_preview_162','5','1'),
('11','filters_preview_133','2','0'),
('12','filters_preview_121','2','1'),
('13','filters_preview_144','2','1'),
('14','filters_preview_153','5','1'),
('15','dashboard_standard_report129','2','1'),
('16','dashboard_standard_report130','2','1'),
('17','filters_preview_155','5','0'),
('18','filters_preview_151','5','0'),
('19','filters_preview_160','2','1'),
('20','filters_preview_184','5','1'),
('21','filters_preview_205','7','1'),
('22','filters_preview_165','5','1'),
('23','filters_preview_161','5','0'),
('24','filters_preview_189','2','1'),
('25','filters_preview_123','2','1'),
('26','dashboard_standard_report205','7','0'),
('27','filters_preview_187','5','0'),
('28','item_info_1','2','0'),
('29','dashboard_standard_report95','2','0'),
('30','filters_preview_218','7','1'),
('31','filters_preview_216','7','1'),
('32','filters_preview_101','2','1'),
('33','filters_preview_219','1','1');

CREATE TABLE IF NOT EXISTS `app_records_visibility_rules` (
  `id` int(11) NOT NULL AUTO_INCREMENT,
  `entities_id` int(11) NOT NULL,
  `is_active` tinyint(1) NOT NULL,
  `users_groups` text NOT NULL,
  `merged_fields` text NOT NULL,
  `merged_fields_empty_values` text NOT NULL,
  `notes` text NOT NULL,
  `mysql_query` text NOT NULL,
  `php_code` text NOT NULL,
  PRIMARY KEY (`id`),
  KEY `idx_entities_id` (`entities_id`)
) ENGINE=InnoDB DEFAULT CHARSET=utf8mb4 COLLATE=utf8mb4_general_ci;

CREATE TABLE IF NOT EXISTS `app_reports` (
  `id` int(11) NOT NULL AUTO_INCREMENT,
  `parent_id` int(11) NOT NULL DEFAULT 0,
  `entities_id` int(11) NOT NULL,
  `created_by` int(11) NOT NULL,
  `reports_type` varchar(64) NOT NULL,
  `name` varchar(64) NOT NULL,
  `description` text NOT NULL,
  `menu_icon` varchar(64) NOT NULL,
  `icon_color` varchar(7) NOT NULL,
  `bg_color` varchar(7) NOT NULL,
  `in_menu` tinyint(1) NOT NULL DEFAULT 0,
  `in_dashboard` tinyint(4) NOT NULL DEFAULT 0,
  `in_dashboard_counter` tinyint(1) NOT NULL DEFAULT 0,
  `in_dashboard_icon` tinyint(1) NOT NULL,
  `in_dashboard_counter_color` varchar(16) NOT NULL,
  `in_dashboard_counter_bg_color` varchar(16) NOT NULL,
  `in_dashboard_counter_fields` varchar(255) NOT NULL,
  `dashboard_counter_hide_count` tinyint(1) NOT NULL DEFAULT 0,
  `dashboard_counter_hide_zero_count` tinyint(1) NOT NULL,
  `dashboard_counter_sum_by_field` int(11) NOT NULL,
  `in_header` tinyint(1) NOT NULL DEFAULT 0,
  `in_header_autoupdate` tinyint(1) NOT NULL,
  `dashboard_sort_order` int(11) DEFAULT NULL,
  `header_sort_order` int(11) NOT NULL DEFAULT 0,
  `dashboard_counter_sort_order` int(11) NOT NULL DEFAULT 0,
  `listing_order_fields` text NOT NULL,
  `users_groups` text NOT NULL,
  `assigned_to` text NOT NULL,
  `displays_assigned_only` tinyint(1) NOT NULL DEFAULT 0,
  `parent_entity_id` int(11) NOT NULL DEFAULT 0,
  `parent_item_id` int(11) NOT NULL DEFAULT 0,
  `fields_in_listing` text NOT NULL,
  `rows_per_page` int(11) NOT NULL DEFAULT 0,
  `notification_days` varchar(32) NOT NULL,
  `notification_time` varchar(255) NOT NULL,
  `listing_type` varchar(16) NOT NULL,
  `listing_col_width` text NOT NULL,
  PRIMARY KEY (`id`),
  KEY `idx_entities_id` (`entities_id`),
  KEY `idx_created_by` (`created_by`),
  KEY `idx_parent_id` (`parent_id`),
  KEY `idx_parent_entity_id` (`parent_entity_id`),
  KEY `idx_parent_item_id` (`parent_item_id`),
  KEY `idx_reports_type` (`reports_type`),
  KEY `idx_in_dashboard` (`in_dashboard`),
  KEY `idx_in_dashboard_counter` (`in_dashboard_counter`)
) ENGINE=InnoDB AUTO_INCREMENT=229 DEFAULT CHARSET=utf8mb4 COLLATE=utf8mb4_general_ci;

INSERT INTO app_reports VALUES
('66','0','25','1','entity','','','','','','0','0','0','0','','','','0','0','0','0','0',NULL,'0','0','','','','0','0','0','','0','','','',''),
('67','68','26','1','entity_menu','','','','','','0','0','0','0','','','','0','0','0','0','0',NULL,'0','0','','','','0','0','0','','0','','','',''),
('68','0','25','1','parent','','','','','','0','0','0','0','','','','0','0','0','0','0',NULL,'0','0','','','','0','0','0','','0','','','',''),
('69','70','27','1','entity_menu','','','','','','0','0','0','0','','','','0','0','0','0','0',NULL,'0','0','','','','0','0','0','','0','','','',''),
('70','0','25','1','parent','','','','','','0','0','0','0','','','','0','0','0','0','0',NULL,'0','0','','','','0','0','0','','0','','','',''),
('71','72','28','1','entity_menu','','','','','','0','0','0','0','','','','0','0','0','0','0',NULL,'0','0','','','','0','0','0','','0','','','',''),
('72','0','25','1','parent','','','','','','0','0','0','0','','','','0','0','0','0','0',NULL,'0','0','','','','0','0','0','','0','','','',''),
('73','74','29','1','entity_menu','','','','','','0','0','0','0','','','','0','0','0','0','0',NULL,'0','0','','','','0','0','0','','0','','','',''),
('74','0','25','1','parent','','','','','','0','0','0','0','','','','0','0','0','0','0',NULL,'0','0','','','','0','0','0','','0','','','',''),
('75','0','25','1','form_add_in26','','','','','','0','0','0','0','','','','0','0','0','0','0',NULL,'0','0','','','','0','0','0','','0','','','',''),
('76','0','25','1','form_add_in27','','','','','','0','0','0','0','','','','0','0','0','0','0',NULL,'0','0','','','','0','0','0','','0','','','',''),
('77','0','25','1','form_add_in29','','','','','','0','0','0','0','','','','0','0','0','0','0',NULL,'0','0','','','','0','0','0','','0','','','',''),
('78','0','1','1','entity','','','','','','0','0','0','0','','','','0','0','0','0','0',NULL,'0','0','','','','0','0','0','','0','','','',''),
('79','0','35','1','entity','','','','','','0','0','0','0','','','','0','0','0','0','0',NULL,'0','0','','','','0','0','0','','0','','','',''),
('81','0','25','1','form_add_in28','','','','','','0','0','0','0','','','','0','0','0','0','0',NULL,'0','0','','','','0','0','0','','0','','','',''),
('82','83','26','2','entity_menu','','','','','','0','0','0','0','','','','0','0','0','0','0',NULL,'0','0','','','','0','0','0','','0','','','',''),
('83','0','25','2','parent','','','','','','0','0','0','0','','','','0','0','0','0','0',NULL,'0','0','','','','0','0','0','','0','','','',''),
('84','85','27','2','entity_menu','','','','','','0','0','0','0','','','','0','0','0','0','0',NULL,'0','0','','','','0','0','0','','0','','','',''),
('85','0','25','2','parent','','','','','','0','0','0','0','','','','0','0','0','0','0',NULL,'0','0','','','','0','0','0','','0','','','',''),
('86','87','28','2','entity_menu','','','','','','0','0','0','0','','','','0','0','0','0','0',NULL,'0','0','','','','0','0','0','','0','','','',''),
('87','0','25','2','parent','','','','','','0','0','0','0','','','','0','0','0','0','0',NULL,'0','0','','','','0','0','0','','0','','','',''),
('88','89','29','2','entity_menu','','','','','','0','0','0','0','','','','0','0','0','0','0',NULL,'0','0','','','','0','0','0','','0','','','',''),
('89','0','25','2','parent','','','','','','0','0','0','0','','','','0','0','0','0','0',NULL,'0','0','','','','0','0','0','','0','','','',''),
('90','0','25','2','standard','Jumlah Aset','','fa-desktop','','','0','0','1','1','','','','0','0','0','0','0',NULL,'0','0','','','','0','0','0','','0','','','',''),
('91','92','26','2','standard','Perbaikan','','fa-ticket','','','0','2','1','1','','','','0','0','0','0','0',NULL,'0','0','','','','0','0','0','','0','','','',''),
('92','0','25','2','parent','','','','','','0','0','0','0','','','','0','0','0','0','0',NULL,'0','0','','','','0','0','0','','0','','','',''),
('93','94','27','2','standard','Pemeliharaan Rutin','','fa-ticket','','','0','0','1','1','','','','0','0','0','0','0',NULL,'0','0','','','','0','0','0','','0','','','',''),
('94','0','25','2','parent','','','','','','0','0','0','0','','','','0','0','0','0','0',NULL,'0','0','','','','0','0','0','','0','','','',''),
('95','0','35','2','standard','Kegiatan Harian','','fa-ticket','','','0','1','1','1','','','','0','0','0','0','0','0','0','0','','','','0','0','0','','0','','','',''),
('96','0','31','2','entity','','','','','','0','0','0','0','','','','0','0','0','0','0',NULL,'0','0','','','','0','0','0','','0','','','',''),
('97','0','32','2','entity','','','','','','0','0','0','0','','','','0','0','0','0','0',NULL,'0','0','','','','0','0','0','','0','','','',''),
('98','0','33','2','entity','','','','','','0','0','0','0','','','','0','0','0','0','0',NULL,'0','0','','','','0','0','0','','0','','','',''),
('99','0','34','2','entity','','','','','','0','0','0','0','','','','0','0','0','0','0',NULL,'0','0','','','','0','0','0','','0','','','',''),
('100','0','1','2','entity','','','','','','0','0','0','0','','','','0','0','0','0','0',NULL,'0','0','','','','0','0','0','','0','','','',''),
('101','0','35','2','entity','','','','','','0','0','0','0','','','','0','0','0','0','0',NULL,'0','0','329_asc','','','0','0','0','','0','','','',''),
('102','0','25','2','entity','','','','','','0','0','0','0','','','','0','0','0','0','0',NULL,'0','0','','','','0','0','0','','0','','','',''),
('103','0','30','1','entity','','','','','','0','0','0','0','','','','0','0','0','0','0',NULL,'0','0','','','','0','0','0','','0','','','',''),
('104','0','31','1','entity','','','','','','0','0','0','0','','','','0','0','0','0','0',NULL,'0','0','','','','0','0','0','','0','','','',''),
('105','0','32','1','entity','','','','','','0','0','0','0','','','','0','0','0','0','0',NULL,'0','0','','','','0','0','0','','0','','','',''),
('106','0','33','1','entity','','','','','','0','0','0','0','','','','0','0','0','0','0',NULL,'0','0','','','','0','0','0','','0','','','',''),
('107','0','34','1','entity','','','','','','0','0','0','0','','','','0','0','0','0','0',NULL,'0','0','','','','0','0','0','','0','','','',''),
('108','109','40','1','entity_menu','','','','','','0','0','0','0','','','','0','0','0','0','0',NULL,'0','0','','','','0','0','0','','0','','','',''),
('109','0','36','1','parent','','','','','','0','0','0','0','','','','0','0','0','0','0',NULL,'0','0','','','','0','0','0','','0','','','',''),
('111','0','36','1','parent','','','','','','0','0','0','0','','','','0','0','0','0','0',NULL,'0','0','','','','0','0','0','','0','','','',''),
('112','113','38','1','entity_menu','','','','','','0','0','0','0','','','','0','0','0','0','0',NULL,'0','0','','','','0','0','0','','0','','','',''),
('113','0','36','1','parent','','','','','','0','0','0','0','','','','0','0','0','0','0',NULL,'0','0','','','','0','0','0','','0','','','',''),
('114','115','39','1','entity_menu','','','','','','0','0','0','0','','','','0','0','0','0','0',NULL,'0','0','','','','0','0','0','','0','','','',''),
('115','0','36','1','parent','','','','','','0','0','0','0','','','','0','0','0','0','0',NULL,'0','0','','','','0','0','0','','0','','','',''),
('116','0','36','1','entity','','','','','','0','0','0','0','','','','0','0','0','0','0',NULL,'0','0','','','','0','0','0','345,374,375,377,382,383,385,456,474,344','0','','','',''),
('117','0','36','1','form_add_in40','','','','','','0','0','0','0','','','','0','0','0','0','0',NULL,'0','0','','','','0','0','0','','0','','','',''),
('118','0','36','1','form_add_in39','','','','','','0','0','0','0','','','','0','0','0','0','0',NULL,'0','0','','','','0','0','0','','0','','','',''),
('119','0','36','1','form_add_in38','','','','','','0','0','0','0','','','','0','0','0','0','0',NULL,'0','0','','','','0','0','0','','0','','','',''),
('120','0','36','1','form_add_in37','','','','','','0','0','0','0','','','','0','0','0','0','0',NULL,'0','0','','','','0','0','0','','0','','','',''),
('122','0','36','2','parent','','','','','','0','0','0','0','','','','0','0','0','0','0',NULL,'0','0','','','','0','0','0','','0','','','',''),
('123','124','38','2','entity_menu','','','','','','0','0','0','0','','','','0','0','0','0','0',NULL,'0','0','','','','0','0','0','','0','','','',''),
('124','0','36','2','parent','','','','','','0','0','0','0','','','','0','0','0','0','0',NULL,'0','0','','','','0','0','0','','0','','','',''),
('125','126','39','2','entity_menu','','','','','','0','0','0','0','','','','0','0','0','0','0',NULL,'0','0','','','','0','0','0','','0','','','',''),
('126','0','36','2','parent','','','','','','0','0','0','0','','','','0','0','0','0','0',NULL,'0','0','','','','0','0','0','','0','','','',''),
('127','128','40','2','entity_menu','','','','','','0','0','0','0','','','','0','0','0','0','0',NULL,'0','0','','','','0','0','0','','0','','','',''),
('128','0','36','2','parent','','','','','','0','0','0','0','','','','0','0','0','0','0',NULL,'0','0','','','','0','0','0','','0','','','',''),
('129','0','36','2','standard','Semua Aset','','fa-desktop','','','0','0','1','1','','','','0','0','0','0','0','0','0','0','','','','0','0','0','345,374,375,377,382,383,385,456,474,344','0','','','',''),
('132','0','36','2','parent','','','','','','0','0','0','0','','','','0','0','0','0','0',NULL,'0','0','','','','0','0','0','','0','','','',''),
('133','0','36','2','entity','','','','','','0','0','0','0','','','','0','0','0','0','0',NULL,'0','0','375_asc','','','0','0','0','345,374,375,377,382,383,385,456,474,344','0','','','',''),
('134','0','36','1','standard','Daftar Aset','','fa-desktop','','','0','0','1','1','','','','0','0','0','1','1',NULL,'0','0','','','','0','0','0','','0','','','table',''),
('135','0','35','1','standard','Kegiatan Harian','','fa-ticket','','','0','0','1','1','','','','0','0','0','0','0',NULL,'0','0','','','','0','0','0','','0','','','',''),
('137','0','36','1','parent','','','','','','0','0','0','0','','','','0','0','0','0','0',NULL,'0','0','','','','0','0','0','','0','','','',''),
('138','0','36','2','parent','','','','','','0','0','0','0','','','','0','0','0','0','0',NULL,'0','0','','','','0','0','0','','0','','','',''),
('139','0','41','1','entity','','','','','','0','0','0','0','','','','0','0','0','0','0',NULL,'0','0','','','','0','0','0','','0','','','',''),
('140','0','42','1','entity_menu','','','','','','0','0','0','0','','','','0','0','0','0','0',NULL,'0','0','','','','0','0','0','','0','','','',''),
('142','0','41','1','form_add_in42','','','','','','0','0','0','0','','','','0','0','0','0','0',NULL,'0','0','','','','0','0','0','','0','','','',''),
('143','0','42','1','entity','','','','','','0','0','0','0','','','','0','0','0','0','0',NULL,'0','0','438_asc','','','0','0','0','','0','','','',''),
('144','0','42','2','entity','','','','','','0','0','0','0','','','','0','0','0','0','0',NULL,'0','0','','','','0','0','0','','0','','','',''),
('145','0','42','2','standard','Riwayat Pindah Barang','','fa-cart-arrow-down','','','1','0','0','0','','','','0','0','0','1','1','0','0','0','','','','0','0','0','','0','','','',''),
('146','0','41','2','entity','','','','','','0','0','0','0','','','','0','0','0','0','0',NULL,'0','0','','','','0','0','0','','0','','','',''),
('148','0','36','5','parent','','','','','','0','0','0','0','','','','0','0','0','0','0',NULL,'0','0','','','','0','0','0','','0','','','',''),
('149','150','38','5','entity_menu','','','','','','0','0','0','0','','','','0','0','0','0','0',NULL,'0','0','','','','0','0','0','','0','','','',''),
('150','0','36','5','parent','','','','','','0','0','0','0','','','','0','0','0','0','0',NULL,'0','0','','','','0','0','0','','0','','','',''),
('152','0','36','5','parent','','','','','','0','0','0','0','','','','0','0','0','0','0',NULL,'0','0','','','','0','0','0','','0','','','',''),
('153','154','38','5','standard','Pemeliharaan Rutin','','fa-gear','','','0','0','1','1','','','','0','0','0','0','0',NULL,'0','0','','','','0','0','0','','0','','','',''),
('154','0','36','5','parent','','','','','','0','0','0','0','','','','0','0','0','0','0',NULL,'0','0','','','','0','0','0','','0','','','',''),
('155','0','35','5','standard','Kegiatan Harian','','fa-check-square','','','0','1','1','1','','','','0','0','0','0','0',NULL,'0','0','338_asc','','','0','0','0','','0','','','',''),
('156','0','35','5','standard','Kegiatan Harian','','fa-gear','','','1','0','0','0','','','','0','0','0','0','0',NULL,'0','0','','','','0','0','0','','0','','','',''),
('157','0','35','5','standard','Kegiatan Mingguan','','fa-gear','','','1','0','0','0','','','','0','0','0','0','0',NULL,'0','0','','','','0','0','0','','0','','','',''),
('158','0','35','5','standard','Kegiatan Bulanan','','fa-gear','','','1','0','0','0','','','','0','0','0','0','0',NULL,'0','0','','','','0','0','0','','0','','','',''),
('160','0','43','2','entity','','','','','','0','0','0','0','','','','0','0','0','0','0',NULL,'0','0','','','','0','0','0','449,455,450,451,452','0','','','',''),
('161','0','36','5','entity','','','','','','0','0','0','0','','','','0','0','0','0','0',NULL,'0','0','','','','0','0','0','','0','','','',''),
('162','0','35','5','entity','','','','','','0','0','0','0','','','','0','0','0','0','0',NULL,'0','0','','','','0','0','0','','0','','','',''),
('163','0','31','5','entity','','','','','','0','0','0','0','','','','0','0','0','0','0',NULL,'0','0','','','','0','0','0','','0','','','',''),
('164','0','34','5','entity','','','','','','0','0','0','0','','','','0','0','0','0','0',NULL,'0','0','','','','0','0','0','','0','','','',''),
('165','0','41','5','entity','','','','','','0','0','0','0','','','','0','0','0','0','0',NULL,'0','0','','','','0','0','0','','0','','','',''),
('166','0','38','5','entity','','','','','','0','0','0','0','','','','0','0','0','0','0',NULL,'0','0','','','','0','36','1','','0','','','',''),
('169','0','36','3','parent','','','','','','0','0','0','0','','','','0','0','0','0','0',NULL,'0','0','','','','0','0','0','','0','','','',''),
('170','171','38','3','entity_menu','','','','','','0','0','0','0','','','','0','0','0','0','0',NULL,'0','0','','','','0','0','0','','0','','','',''),
('171','0','36','3','parent','','','','','','0','0','0','0','','','','0','0','0','0','0',NULL,'0','0','','','','0','0','0','','0','','','',''),
('172','173','39','3','entity_menu','','','','','','0','0','0','0','','','','0','0','0','0','0',NULL,'0','0','','','','0','0','0','','0','','','',''),
('173','0','36','3','parent','','','','','','0','0','0','0','','','','0','0','0','0','0',NULL,'0','0','','','','0','0','0','','0','','','',''),
('174','175','40','3','entity_menu','','','','','','0','0','0','0','','','','0','0','0','0','0',NULL,'0','0','','','','0','0','0','','0','','','',''),
('175','0','36','3','parent','','','','','','0','0','0','0','','','','0','0','0','0','0',NULL,'0','0','','','','0','0','0','','0','','','',''),
('177','0','36','4','parent','','','','','','0','0','0','0','','','','0','0','0','0','0',NULL,'0','0','','','','0','0','0','','0','','','',''),
('178','0','36','4','entity','','','','','','0','0','0','0','','','','0','0','0','0','0',NULL,'0','0','','','','0','0','0','','0','','','','');

INSERT INTO app_reports VALUES
('181','0','33','5','entity','','','','','','0','0','0','0','','','','0','0','0','0','0',NULL,'0','0','','','','0','0','0','','0','','','',''),
('183','0','38','5','entity','','','','','','0','0','0','0','','','','0','0','0','0','0',NULL,'0','0','','','','0','36','2','','0','','','',''),
('184','0','43','5','entity','','','','','','0','0','0','0','','','','0','0','0','0','0',NULL,'0','0','','','','0','0','0','','0','','','',''),
('185','186','44','1','entity_menu','','','','','','0','0','0','0','','','','0','0','0','0','0',NULL,'0','0','','','','0','0','0','','0','','','',''),
('186','0','36','1','parent','','','','','','0','0','0','0','','','','0','0','0','0','0',NULL,'0','0','','','','0','0','0','','0','','','',''),
('187','0','30','5','entity','','','','','','0','0','0','0','','','','0','0','0','0','0',NULL,'0','0','','','','0','0','0','','0','','','',''),
('188','0','36','1','form_add_in44','','','','','','0','0','0','0','','','','0','0','0','0','0',NULL,'0','0','','','','0','0','0','','0','','','',''),
('189','190','44','2','entity_menu','','','','','','0','0','0','0','','','','0','0','0','0','0',NULL,'0','0','463_asc','','','0','0','0','','0','','','',''),
('190','0','36','2','parent','','','','','','0','0','0','0','','','','0','0','0','0','0',NULL,'0','0','','','','0','0','0','','0','','','',''),
('191','192','44','5','entity_menu','','','','','','0','0','0','0','','','','0','0','0','0','0',NULL,'0','0','','','','0','0','0','','0','','','',''),
('192','0','36','5','parent','','','','','','0','0','0','0','','','','0','0','0','0','0',NULL,'0','0','','','','0','0','0','','0','','','',''),
('196','0','44','2','entity','','','','','','0','0','0','0','','','','0','0','0','0','0',NULL,'0','0','','','','0','36','1','','0','','','',''),
('197','0','38','2','entity','','','','','','0','0','0','0','','','','0','0','0','0','0',NULL,'0','0','','','','0','36','1','','0','','','',''),
('198','0','39','2','entity','','','','','','0','0','0','0','','','','0','0','0','0','0',NULL,'0','0','','','','0','36','1','','0','','','',''),
('199','0','40','2','entity','','','','','','0','0','0','0','','','','0','0','0','0','0',NULL,'0','0','','','','0','36','1','','0','','','',''),
('201','0','36','6','parent','','','','','','0','0','0','0','','','','0','0','0','0','0',NULL,'0','0','','','','0','0','0','','0','','','',''),
('202','0','36','6','entity','','','','','','0','0','0','0','','','','0','0','0','0','0',NULL,'0','0','','','','0','0','0','','0','','','',''),
('204','0','36','7','parent','','','','','','0','0','0','0','','','','0','0','0','0','0',NULL,'0','0','','','','0','0','0','','0','','','',''),
('206','0','36','7','parent','','','','','','0','0','0','0','','','','0','0','0','0','0',NULL,'0','0','','','','0','0','0','','0','','','',''),
('207','0','30','2','entity','','','','','','0','0','0','0','','','','0','0','0','0','0',NULL,'0','0','','','','0','0','0','','0','','','',''),
('208','0','44','5','entity','','','','','','0','0','0','0','','','','0','0','0','0','0',NULL,'0','0','','','','0','36','1','','0','','','',''),
('209','0','36','7','entity','','','','','','0','0','0','0','','','','0','0','0','0','0',NULL,'0','0','','','','0','0','0','','0','','','',''),
('211','0','32','5','entity','','','','','','0','0','0','0','','','','0','0','0','0','0',NULL,'0','0','','','','0','0','0','','0','','','',''),
('212','0','43','1','entity','','','','','','0','0','0','0','','','','0','0','0','0','0',NULL,'0','0','','','','0','0','0','','0','','','',''),
('215','0','36','7','parent',' (Salinan)','','','','','0','0','0','0','','','','0','0','0','0','0','0','0','0','','','','0','0','0','','0','','','',''),
('217','0','36','7','parent',' (Salinan) (Salinan)','','','','','0','0','0','0','','','','0','0','0','0','0','0','0','0','','','','0','0','0','','0','','','',''),
('219','0','45','1','entity','','','','','','0','0','0','0','','','','0','0','0','0','0',NULL,'0','0','','','','0','0','0','','0','','','',''),
('220','0','45','7','entity','','','','','','0','0','0','0','','','','0','0','0','0','0',NULL,'0','0','','','','0','0','0','','0','','','',''),
('221','0','45','7','standard','Tiketing','','fa-ticket','','','0','2','1','1','','','','0','0','0','1','1',NULL,'0','0','','','','0','0','0','','0','','','',''),
('222','0','45','2','entity','','','','','','0','0','0','0','','','','0','0','0','0','0',NULL,'0','0','','','','0','0','0','476,483,482,486,495,488,481,484,485,492,494,496,497,475','0','','','',''),
('223','0','36','2','standard','Semua Aset (Salinan)','','fa-desktop','','','0','0','1','1','','','','0','0','0','0','0','0','0','0','','','','0','0','0','345,374,375,377,382,383,385,456,474,344','0','','','',''),
('224','225','44','3','entity_menu','','','','','','0','0','0','0','','','','0','0','0','0','0',NULL,'0','0','','','','0','0','0','','0','','','',''),
('225','0','36','3','parent','','','','','','0','0','0','0','','','','0','0','0','0','0',NULL,'0','0','','','','0','0','0','','0','','','',''),
('226','0','45','3','entity','','','','','','0','0','0','0','','','','0','0','0','0','0',NULL,'0','0','','','','0','0','0','','0','','','',''),
('227','0','44','2','entity','','','','','','0','0','0','0','','','','0','0','0','0','0',NULL,'0','0','','','','0','36','2','','0','','','',''),
('228','0','44','2','entity','','','','','','0','0','0','0','','','','0','0','0','0','0',NULL,'0','0','','','','0','36','5','','0','','','','');

CREATE TABLE IF NOT EXISTS `app_reports_filters` (
  `id` int(11) NOT NULL AUTO_INCREMENT,
  `reports_id` int(11) NOT NULL,
  `fields_id` int(11) NOT NULL,
  `filters_values` text NOT NULL,
  `filters_condition` varchar(64) NOT NULL,
  `is_active` tinyint(1) NOT NULL DEFAULT 1,
  PRIMARY KEY (`id`),
  KEY `idx_reports_id` (`reports_id`),
  KEY `idx_fields_id` (`fields_id`)
) ENGINE=InnoDB AUTO_INCREMENT=143 DEFAULT CHARSET=utf8mb4 COLLATE=utf8mb4_general_ci;

INSERT INTO app_reports_filters VALUES
('75','145','448','2','exclude','1'),
('76','158','329','0,,','filter_by_month','1'),
('77','157','329','0,,','filter_by_week','1'),
('83','79','338','','include','1'),
('104','189','0','','','1'),
('131','222','486','5','include','1'),
('136','133','375','','include','1'),
('141','133','374','','include','1');

CREATE TABLE IF NOT EXISTS `app_reports_filters_templates` (
  `id` int(11) NOT NULL AUTO_INCREMENT,
  `fields_id` int(11) NOT NULL,
  `users_id` int(11) NOT NULL,
  `filters_values` text NOT NULL,
  `filters_condition` varchar(64) NOT NULL,
  PRIMARY KEY (`id`),
  KEY `cidx` (`fields_id`,`users_id`),
  KEY `idx_fields_id` (`fields_id`)
) ENGINE=InnoDB AUTO_INCREMENT=9 DEFAULT CHARSET=utf8mb4 COLLATE=utf8mb4_general_ci;

INSERT INTO app_reports_filters_templates VALUES
('1','346','2','0,,','filter_by_month'),
('2','401','2','7,8,11','include'),
('3','448','2','2','exclude'),
('4','329','5','0,,','filter_by_month'),
('5','329','5','0,,','filter_by_week'),
('6','390','7','3','include'),
('7','401','7','9','include'),
('8','401','7','7','include');

CREATE TABLE IF NOT EXISTS `app_reports_groups` (
  `id` int(11) NOT NULL AUTO_INCREMENT,
  `name` varchar(255) NOT NULL,
  `menu_icon` varchar(64) NOT NULL,
  `icon_color` varchar(7) NOT NULL,
  `bg_color` varchar(7) NOT NULL,
  `in_menu` tinyint(1) NOT NULL,
  `in_dashboard` tinyint(1) NOT NULL,
  `sort_order` smallint(6) NOT NULL,
  `counters_list` text NOT NULL,
  `reports_list` text NOT NULL,
  `created_by` int(11) NOT NULL,
  `is_common` tinyint(1) NOT NULL DEFAULT 0,
  `users_groups` text NOT NULL,
  `assigned_to` text NOT NULL,
  PRIMARY KEY (`id`),
  KEY `idx_created_by` (`created_by`)
) ENGINE=InnoDB AUTO_INCREMENT=2 DEFAULT CHARSET=utf8mb4 COLLATE=utf8mb4_general_ci;

CREATE TABLE IF NOT EXISTS `app_reports_sections` (
  `id` int(11) NOT NULL AUTO_INCREMENT,
  `created_by` int(11) NOT NULL,
  `count_columns` tinyint(1) NOT NULL DEFAULT 2,
  `reports_groups_id` int(11) NOT NULL,
  `report_left` varchar(64) NOT NULL,
  `report_right` varchar(64) NOT NULL,
  `sort_order` smallint(6) NOT NULL,
  PRIMARY KEY (`id`),
  KEY `idx_reports_groups_id` (`reports_groups_id`),
  KEY `idx_created_by` (`created_by`)
) ENGINE=InnoDB AUTO_INCREMENT=2 DEFAULT CHARSET=utf8mb4 COLLATE=utf8mb4_general_ci;

INSERT INTO app_reports_sections VALUES
('1','4','2','0','','','0');

CREATE TABLE IF NOT EXISTS `app_sessions` (
  `sesskey` varchar(32) NOT NULL,
  `expiry` bigint(20) unsigned NOT NULL,
  `value` longtext DEFAULT NULL,
  PRIMARY KEY (`sesskey`),
  KEY `idx_expiry` (`expiry`)
) ENGINE=InnoDB DEFAULT CHARSET=utf8mb4 COLLATE=utf8mb4_general_ci;

CREATE TABLE IF NOT EXISTS `app_user_filters_values` (
  `id` int(11) NOT NULL AUTO_INCREMENT,
  `filters_id` int(11) NOT NULL,
  `reports_id` int(11) NOT NULL,
  `fields_id` int(11) NOT NULL,
  `filters_values` text NOT NULL,
  `filters_condition` varchar(64) NOT NULL,
  `is_active` tinyint(1) NOT NULL DEFAULT 1,
  PRIMARY KEY (`id`),
  KEY `idx_filters_id` (`filters_id`),
  KEY `idx_reports_id` (`reports_id`),
  KEY `idx_fields_id` (`fields_id`)
) ENGINE=InnoDB DEFAULT CHARSET=utf8mb4 COLLATE=utf8mb4_general_ci;

CREATE TABLE IF NOT EXISTS `app_user_roles` (
  `id` int(11) NOT NULL AUTO_INCREMENT,
  `entities_id` int(11) NOT NULL,
  `fields_id` int(11) NOT NULL,
  `name` varchar(255) NOT NULL,
  `sort_order` int(11) NOT NULL,
  PRIMARY KEY (`id`),
  KEY `idx_fields_id` (`fields_id`),
  KEY `idx_entities_id` (`entities_id`)
) ENGINE=InnoDB DEFAULT CHARSET=utf8mb4 COLLATE=utf8mb4_general_ci;

CREATE TABLE IF NOT EXISTS `app_user_roles_access` (
  `id` int(11) NOT NULL AUTO_INCREMENT,
  `user_roles_id` int(11) NOT NULL,
  `fields_id` int(11) NOT NULL,
  `entities_id` int(11) NOT NULL,
  `access_schema` varchar(255) NOT NULL,
  `comments_access` varchar(64) NOT NULL,
  `fields_access` text NOT NULL,
  PRIMARY KEY (`id`),
  KEY `idx_fields_id` (`fields_id`),
  KEY `idx_user_roles_id` (`user_roles_id`),
  KEY `entities_id` (`entities_id`)
) ENGINE=InnoDB DEFAULT CHARSET=utf8mb4 COLLATE=utf8mb4_general_ci;

CREATE TABLE IF NOT EXISTS `app_user_roles_to_items` (
  `id` int(11) NOT NULL AUTO_INCREMENT,
  `fields_id` int(11) NOT NULL,
  `entities_id` int(11) NOT NULL,
  `items_id` int(11) NOT NULL,
  `users_id` int(11) NOT NULL,
  `roles_id` int(11) NOT NULL,
  PRIMARY KEY (`id`),
  KEY `idx_roles_id` (`roles_id`),
  KEY `idx_users_id` (`users_id`),
  KEY `idx_items_id` (`items_id`),
  KEY `idx_entities_id` (`entities_id`),
  KEY `idx_fields_id` (`fields_id`)
) ENGINE=InnoDB DEFAULT CHARSET=utf8mb4 COLLATE=utf8mb4_general_ci;

CREATE TABLE IF NOT EXISTS `app_users_alerts` (
  `id` int(11) NOT NULL AUTO_INCREMENT,
  `is_active` tinyint(1) NOT NULL,
  `title` varchar(255) NOT NULL,
  `description` text NOT NULL,
  `type` varchar(16) NOT NULL,
  `location` varchar(16) NOT NULL,
  `start_date` bigint(20) unsigned NOT NULL,
  `end_date` bigint(20) unsigned NOT NULL,
  `assigned_to` text NOT NULL,
  `users_groups` text NOT NULL,
  `created_by` int(11) NOT NULL,
  PRIMARY KEY (`id`),
  KEY `idx_created_by` (`created_by`)
) ENGINE=InnoDB DEFAULT CHARSET=utf8mb4 COLLATE=utf8mb4_general_ci;

CREATE TABLE IF NOT EXISTS `app_users_alerts_viewed` (
  `users_id` int(11) NOT NULL,
  `alerts_id` int(11) NOT NULL,
  KEY `idx_ueser_alerts` (`users_id`,`alerts_id`)
) ENGINE=InnoDB DEFAULT CHARSET=utf8mb4 COLLATE=utf8mb4_general_ci;

CREATE TABLE IF NOT EXISTS `app_users_configuration` (
  `id` int(11) NOT NULL AUTO_INCREMENT,
  `users_id` int(11) NOT NULL,
  `configuration_name` varchar(255) NOT NULL,
  `configuration_value` text NOT NULL,
  PRIMARY KEY (`id`),
  KEY `idx_users_id` (`users_id`)
) ENGINE=InnoDB AUTO_INCREMENT=27 DEFAULT CHARSET=utf8mb4 COLLATE=utf8mb4_general_ci;

INSERT INTO app_users_configuration VALUES
('1','1','disable_notification',''),
('2','1','disable_internal_notification',''),
('3','1','disable_highlight_unread',''),
('4','2','sidebar-status','page-sidebar-closed'),
('5','1','sidebar-status',''),
('6','2','sidebar-option','page-sidebar-fixed'),
('7','2','page-scale-option','page-scale-reduced'),
('8','3','sidebar-option','page-sidebar-fixed'),
('9','3','page-scale-option','page-scale-reduced'),
('10','4','sidebar-option','page-sidebar-fixed'),
('11','4','page-scale-option','page-scale-reduced'),
('12','5','sidebar-option','page-sidebar-fixed'),
('13','5','page-scale-option',''),
('14','4','sidebar-status','page-sidebar-closed'),
('15','5','sidebar-status','page-sidebar-closed'),
('16','2','disable_notification','1'),
('17','2','disable_internal_notification','1'),
('18','2','disable_highlight_unread','1'),
('19','6','disable_notification',''),
('20','6','disable_internal_notification',''),
('21','6','disable_highlight_unread',''),
('22','6','page-scale-option','page-scale-reduced'),
('23','5','sidebar-pos-option','page-sidebar-reversed'),
('24','7','sidebar-status',''),
('25','2','sidebar-pos-option',''),
('26','7','sidebar-option','page-sidebar-fixed');

CREATE TABLE IF NOT EXISTS `app_users_filters` (
  `id` int(11) NOT NULL AUTO_INCREMENT,
  `reports_id` int(11) NOT NULL,
  `users_id` int(11) NOT NULL,
  `name` varchar(64) NOT NULL,
  `fields_in_listing` text NOT NULL,
  `listing_order_fields` text NOT NULL,
  PRIMARY KEY (`id`),
  KEY `idx_reports_id` (`reports_id`),
  KEY `idx_users_id` (`users_id`)
) ENGINE=InnoDB DEFAULT CHARSET=utf8mb4 COLLATE=utf8mb4_general_ci;

CREATE TABLE IF NOT EXISTS `app_users_login_log` (
  `id` int(11) NOT NULL AUTO_INCREMENT,
  `users_id` int(11) DEFAULT NULL,
  `username` varchar(255) NOT NULL,
  `identifier` varchar(255) NOT NULL,
  `is_success` tinyint(1) NOT NULL,
  `date_added` bigint(20) unsigned NOT NULL,
  PRIMARY KEY (`id`),
  KEY `idx_users_id` (`users_id`)
) ENGINE=InnoDB AUTO_INCREMENT=643 DEFAULT CHARSET=utf8mb4 COLLATE=utf8mb4_general_ci;

INSERT INTO app_users_login_log VALUES
('607','7','User','114.10.116.91','1','1730899352'),
('608','7','User','114.10.116.91','1','1730899401'),
('609','2','admin','110.137.194.196','1','1730904976'),
('610','2','admin','114.10.116.80','1','1730912817'),
('611','2','admin','36.86.50.53','1','1730943962'),
('612','0','admin','202.75.29.134','0','1730949623'),
('613','2','admin','202.75.29.134','1','1730949627'),
('614','0','unit','103.131.104.52','0','1730952900'),
('615','0','unit','103.131.104.52','0','1730952907'),
('616','2','admin','103.131.104.52','1','1730952923'),
('617','1','adminit','180.242.233.73','1','1730970077'),
('618','1','adminit','180.242.233.73','1','1730970332'),
('619','2','admin','202.75.29.134','1','1730970774'),
('620','1','adminit','180.242.233.73','1','1730973906'),
('621','2','admin','125.163.42.126','1','1731032365'),
('622','7','user','202.138.249.185','1','1731035859'),
('623','0','admin','202.138.249.185','0','1731036366'),
('624','2','admin','202.138.249.185','1','1731036375'),
('625','7','user','202.138.249.185','1','1731036587'),
('626','7','user','202.138.249.185','1','1731052184'),
('627','1','adminit','182.1.167.241','1','1731053033'),
('628','2','admin','202.138.249.185','1','1731053774'),
('629','1','adminit','182.1.166.245','1','1731054123'),
('630','1','adminit','182.1.166.245','1','1731054254'),
('631','1','adminit','180.242.233.73','1','1731063889'),
('632','1','adminit','180.242.233.73','1','1731064396'),
('633','7','user','66.96.225.108','1','1731066129'),
('634','2','admin','66.96.225.108','1','1731066153'),
('635','7','user','66.96.225.108','1','1731066229'),
('636','2','admin','180.244.134.174','1','1731119024'),
('637','7','user','202.138.249.185','1','1731122022'),
('638','2','admin','202.138.249.185','1','1731122031'),
('639','2','admin','103.10.170.190','1','1731122102'),
('640','1','adminit','180.242.233.73','1','1731136177'),
('641','2','admin','202.138.249.185','1','1731136694'),
('642','1','adminit','180.242.233.73','1','1731137733');

CREATE TABLE IF NOT EXISTS `app_users_notifications` (
  `id` int(11) NOT NULL AUTO_INCREMENT,
  `users_id` int(11) NOT NULL,
  `entities_id` int(11) NOT NULL,
  `items_id` int(11) NOT NULL,
  `name` text NOT NULL,
  `type` varchar(16) NOT NULL,
  `date_added` bigint(20) unsigned NOT NULL,
  `created_by` int(11) NOT NULL,
  PRIMARY KEY (`id`),
  KEY `idx_users_id` (`users_id`),
  KEY `idx_entities_id` (`entities_id`),
  KEY `idx_items_id` (`items_id`),
  KEY `idx_uei` (`users_id`,`entities_id`) USING BTREE,
  KEY `idx_created_by` (`created_by`) USING BTREE
) ENGINE=InnoDB AUTO_INCREMENT=3 DEFAULT CHARSET=utf8mb4 COLLATE=utf8mb4_general_ci;

CREATE TABLE IF NOT EXISTS `app_users_search_settings` (
  `id` int(11) NOT NULL AUTO_INCREMENT,
  `users_id` int(11) NOT NULL,
  `reports_id` int(11) NOT NULL,
  `configuration_name` varchar(255) NOT NULL,
  `configuration_value` text NOT NULL,
  PRIMARY KEY (`id`),
  KEY `idx_users_id` (`users_id`),
  KEY `idx_users_reports_id` (`users_id`,`reports_id`),
  KEY `idx_reports_id` (`reports_id`) USING BTREE
) ENGINE=InnoDB AUTO_INCREMENT=265 DEFAULT CHARSET=utf8mb4 COLLATE=utf8mb4_general_ci;

INSERT INTO app_users_search_settings VALUES
('109','2','95','search_keywords',''),
('110','2','95','use_search_fields','334'),
('111','2','95','search_in_comments','0'),
('112','2','95','search_in_all','false'),
('113','2','95','search_type_and','false'),
('114','2','95','search_type_match','false'),
('247','7','205','search_keywords',''),
('248','7','205','use_search_fields',''),
('249','7','205','search_in_comments','0'),
('250','7','205','search_in_all','false'),
('251','7','205','search_type_and','false'),
('252','7','205','search_type_match','false'),
('259','1','116','search_keywords',''),
('260','1','116','use_search_fields','374'),
('261','1','116','search_in_comments','0'),
('262','1','116','search_in_all','false'),
('263','1','116','search_type_and','false'),
('264','1','116','search_type_match','false');

